"INFORMATION TYPE","DATE","PERIOD","USEP ($/MWh)","LCP ($/MWh)","DEMAND (MW)","SOLAR(MW)","TCL(MW)"
"USEP","01-Feb-2024","1","122.91","0.00","5893.968","-","0.000"
"USEP","01-Feb-2024","2","118.32","0.00","5781.606","-","0.000"
"USEP","01-Feb-2024","3","96.27","0.00","5659.881","-","0.000"
"USEP","01-Feb-2024","4","84.11","0.00","5589.525","-","0.000"
"USEP","01-Feb-2024","5","83.79","0.00","5534.055","-","0.000"
"USEP","01-Feb-2024","6","74.49","0.00","5498.783","-","0.000"
"USEP","01-Feb-2024","7","69.95","0.00","5466.483","-","0.000"
"USEP","01-Feb-2024","8","67.62","0.00","5453.805","-","0.000"
"USEP","01-Feb-2024","9","69.95","0.00","5458.253","-","0.000"
"USEP","01-Feb-2024","10","75.51","0.00","5499.877","-","0.000"
"USEP","01-Feb-2024","11","100.20","0.00","5603.635","-","0.000"
"USEP","01-Feb-2024","12","121.87","0.00","5788.440","-","0.000"
"USEP","01-Feb-2024","13","123.77","0.00","5993.989","-","0.000"
"USEP","01-Feb-2024","14","141.36","0.00","6161.234","-","0.000"
"USEP","01-Feb-2024","15","125.19","0.00","6331.894","-","0.000"
"USEP","01-Feb-2024","16","144.38","0.00","6514.283","-","0.000"
"USEP","01-Feb-2024","17","144.40","0.00","6671.728","-","0.000"
"USEP","01-Feb-2024","18","144.41","0.00","6735.245","-","0.000"
"USEP","01-Feb-2024","19","136.65","0.00","6756.024","-","0.000"
"USEP","01-Feb-2024","20","144.40","0.00","6760.790","-","0.000"
"USEP","01-Feb-2024","21","139.92","0.00","6775.820","-","0.000"
"USEP","01-Feb-2024","22","125.83","0.00","6766.431","-","0.000"
"USEP","01-Feb-2024","23","125.33","0.00","6748.693","-","0.000"
"USEP","01-Feb-2024","24","123.92","0.00","6653.374","-","0.000"
"USEP","01-Feb-2024","25","119.55","0.00","6536.857","-","0.000"
"USEP","01-Feb-2024","26","105.69","0.00","6464.146","-","0.000"
"USEP","01-Feb-2024","27","115.57","0.00","6516.366","-","0.000"
"USEP","01-Feb-2024","28","124.02","0.00","6662.012","-","0.000"
"USEP","01-Feb-2024","29","134.17","0.00","6782.624","-","0.000"
"USEP","01-Feb-2024","30","145.81","0.00","6815.898","-","0.000"
"USEP","01-Feb-2024","31","146.79","0.00","6829.918","-","0.000"
"USEP","01-Feb-2024","32","146.81","0.00","6840.957","-","0.000"
"USEP","01-Feb-2024","33","145.80","0.00","6835.420","-","0.000"
"USEP","01-Feb-2024","34","145.82","0.00","6820.624","-","0.000"
"USEP","01-Feb-2024","35","152.76","0.00","6895.139","-","0.000"
"USEP","01-Feb-2024","36","155.05","0.00","6920.139","-","0.000"
"USEP","01-Feb-2024","37","183.40","0.00","6939.492","-","0.000"
"USEP","01-Feb-2024","38","191.11","0.00","6955.992","-","0.000"
"USEP","01-Feb-2024","39","225.49","0.00","6982.487","-","0.000"
"USEP","01-Feb-2024","40","220.95","0.00","6945.963","-","0.000"
"USEP","01-Feb-2024","41","191.07","0.00","6885.915","-","0.000"
"USEP","01-Feb-2024","42","166.96","0.00","6833.000","-","0.000"
"USEP","01-Feb-2024","43","152.70","0.00","6739.693","-","0.000"
"USEP","01-Feb-2024","44","144.26","0.00","6590.523","-","0.000"
"USEP","01-Feb-2024","45","143.00","0.00","6437.194","-","0.000"
"USEP","01-Feb-2024","46","130.43","0.00","6312.218","-","0.000"
"USEP","01-Feb-2024","47","125.00","0.00","6118.478","-","0.000"
"USEP","01-Feb-2024","48","124.95","0.00","5989.760","-","0.000"
"USEP","02-Feb-2024","1","124.94","0.00","5910.543","-","0.000"
"USEP","02-Feb-2024","2","121.90","0.00","5849.963","-","0.000"
"USEP","02-Feb-2024","3","110.67","0.00","5685.089","-","0.000"
"USEP","02-Feb-2024","4","96.55","0.00","5602.109","-","0.000"
"USEP","02-Feb-2024","5","96.54","0.00","5539.020","-","0.000"
"USEP","02-Feb-2024","6","91.51","0.00","5494.096","-","0.000"
"USEP","02-Feb-2024","7","84.09","0.00","5464.366","-","0.000"
"USEP","02-Feb-2024","8","78.00","0.00","5450.887","-","0.000"
"USEP","02-Feb-2024","9","84.00","0.00","5451.538","-","0.000"
"USEP","02-Feb-2024","10","91.63","0.00","5498.435","-","0.000"
"USEP","02-Feb-2024","11","101.12","0.00","5600.872","-","0.000"
"USEP","02-Feb-2024","12","120.91","0.00","5781.213","-","0.000"
"USEP","02-Feb-2024","13","121.91","0.00","5982.449","-","0.000"
"USEP","02-Feb-2024","14","130.26","0.00","6150.604","-","0.000"
"USEP","02-Feb-2024","15","130.19","0.00","6331.263","-","0.000"
"USEP","02-Feb-2024","16","141.80","0.00","6517.936","-","0.000"
"USEP","02-Feb-2024","17","130.34","0.00","6657.777","-","0.000"
"USEP","02-Feb-2024","18","130.34","0.00","6714.485","-","0.000"
"USEP","02-Feb-2024","19","130.32","0.00","6735.816","-","0.000"
"USEP","02-Feb-2024","20","127.25","0.00","6733.798","-","0.000"
"USEP","02-Feb-2024","21","127.34","0.00","6730.056","-","0.000"
"USEP","02-Feb-2024","22","125.10","0.00","6687.955","-","0.000"
"USEP","02-Feb-2024","23","116.78","0.00","6607.719","-","0.000"
"USEP","02-Feb-2024","24","111.72","0.00","6544.655","-","0.000"
"USEP","02-Feb-2024","25","113.72","0.00","6549.088","-","0.000"
"USEP","02-Feb-2024","26","114.71","0.00","6573.655","-","0.000"
"USEP","02-Feb-2024","27","113.73","0.00","6551.936","-","0.000"
"USEP","02-Feb-2024","28","125.13","0.00","6655.018","-","0.000"
"USEP","02-Feb-2024","29","130.49","0.00","6778.180","-","0.000"
"USEP","02-Feb-2024","30","148.76","0.00","6858.605","-","0.000"
"USEP","02-Feb-2024","31","153.19","0.00","6912.788","-","0.000"
"USEP","02-Feb-2024","32","193.14","0.00","6975.688","-","0.000"
"USEP","02-Feb-2024","33","365.00","0.00","7037.306","-","0.000"
"USEP","02-Feb-2024","34","404.89","0.00","7067.111","-","0.000"
"USEP","02-Feb-2024","35","404.91","0.00","7093.556","-","0.000"
"USEP","02-Feb-2024","36","366.17","0.00","7057.439","-","0.000"
"USEP","02-Feb-2024","37","211.22","0.00","6995.126","-","0.000"
"USEP","02-Feb-2024","38","211.16","0.00","6974.739","-","0.000"
"USEP","02-Feb-2024","39","201.23","0.00","6959.655","-","0.000"
"USEP","02-Feb-2024","40","191.05","0.00","6909.999","-","0.000"
"USEP","02-Feb-2024","41","190.98","0.00","6873.912","-","0.000"
"USEP","02-Feb-2024","42","151.63","0.00","6817.706","-","0.000"
"USEP","02-Feb-2024","43","150.97","0.00","6735.493","-","0.000"
"USEP","02-Feb-2024","44","130.49","0.00","6593.097","-","0.000"
"USEP","02-Feb-2024","45","130.44","0.00","6429.684","-","0.000"
"USEP","02-Feb-2024","46","132.87","0.00","6284.843","-","0.000"
"USEP","02-Feb-2024","47","127.13","0.00","6159.405","-","0.000"
"USEP","02-Feb-2024","48","148.21","0.00","6037.203","-","0.000"
"USEP","03-Feb-2024","1","122.89","0.00","5865.340","-","0.000"
"USEP","03-Feb-2024","2","121.86","0.00","5710.435","-","0.000"
"USEP","03-Feb-2024","3","118.56","0.00","5624.807","-","0.000"
"USEP","03-Feb-2024","4","122.85","0.00","5624.300","-","0.000"
"USEP","03-Feb-2024","5","122.83","0.00","5559.720","-","0.000"
"USEP","03-Feb-2024","6","122.83","0.00","5507.500","-","0.000"
"USEP","03-Feb-2024","7","121.81","0.00","5469.107","-","0.000"
"USEP","03-Feb-2024","8","121.80","0.00","5435.281","-","0.000"
"USEP","03-Feb-2024","9","121.82","0.00","5427.175","-","0.000"
"USEP","03-Feb-2024","10","113.19","0.00","5357.853","-","0.000"
"USEP","03-Feb-2024","11","110.08","0.00","5408.866","-","0.000"
"USEP","03-Feb-2024","12","120.98","0.00","5496.129","-","0.000"
"USEP","03-Feb-2024","13","121.84","0.00","5596.448","-","0.000"
"USEP","03-Feb-2024","14","122.87","0.00","5688.860","-","0.000"
"USEP","03-Feb-2024","15","133.57","0.00","5800.516","-","0.000"
"USEP","03-Feb-2024","16","133.68","0.00","5941.560","-","0.000"
"USEP","03-Feb-2024","17","133.69","0.00","6071.083","-","0.000"
"USEP","03-Feb-2024","18","129.10","0.00","6119.044","-","0.000"
"USEP","03-Feb-2024","19","123.78","0.00","6124.849","-","0.000"
"USEP","03-Feb-2024","20","123.78","0.00","6136.369","-","0.000"
"USEP","03-Feb-2024","21","123.80","0.00","6165.116","-","0.000"
"USEP","03-Feb-2024","22","123.80","0.00","6183.286","-","0.000"
"USEP","03-Feb-2024","23","121.91","0.00","6156.095","-","0.000"
"USEP","03-Feb-2024","24","100.93","0.00","6072.361","-","0.000"
"USEP","03-Feb-2024","25","93.63","0.00","5985.520","-","0.000"
"USEP","03-Feb-2024","26","92.89","0.00","5950.417","-","0.000"
"USEP","03-Feb-2024","27","93.61","0.00","5964.134","-","0.000"
"USEP","03-Feb-2024","28","99.24","0.00","5999.694","-","0.000"
"USEP","03-Feb-2024","29","105.26","0.00","6022.178","-","0.000"
"USEP","03-Feb-2024","30","121.90","0.00","6115.555","-","0.000"
"USEP","03-Feb-2024","31","122.91","0.00","6149.674","-","0.000"
"USEP","03-Feb-2024","32","125.00","0.00","6211.471","-","0.000"
"USEP","03-Feb-2024","33","133.62","0.00","6267.224","-","0.000"
"USEP","03-Feb-2024","34","133.82","0.00","6310.573","-","0.000"
"USEP","03-Feb-2024","35","133.92","0.00","6352.306","-","0.000"
"USEP","03-Feb-2024","36","212.80","0.00","6442.566","-","0.000"
"USEP","03-Feb-2024","37","344.53","0.00","6484.503","-","0.000"
"USEP","03-Feb-2024","38","393.62","0.00","6529.148","-","0.000"
"USEP","03-Feb-2024","39","426.08","0.00","6550.360","-","0.000"
"USEP","03-Feb-2024","40","342.54","0.00","6507.017","-","0.000"
"USEP","03-Feb-2024","41","212.79","0.00","6487.003","-","0.000"
"USEP","03-Feb-2024","42","268.94","0.00","6479.155","-","0.000"
"USEP","03-Feb-2024","43","153.01","0.00","6427.119","-","0.000"
"USEP","03-Feb-2024","44","133.82","0.00","6325.562","-","0.000"
"USEP","03-Feb-2024","45","133.92","0.00","6227.335","-","0.000"
"USEP","03-Feb-2024","46","133.80","0.00","6157.710","-","0.000"
"USEP","03-Feb-2024","47","136.85","0.00","6062.212","-","0.000"
"USEP","03-Feb-2024","48","133.79","0.00","5954.810","-","0.000"
"USEP","04-Feb-2024","1","123.75","0.00","5835.982","-","0.000"
"USEP","04-Feb-2024","2","122.88","0.00","5735.956","-","0.000"
"USEP","04-Feb-2024","3","123.74","0.00","5658.330","-","0.000"
"USEP","04-Feb-2024","4","122.86","0.00","5581.280","-","0.000"
"USEP","04-Feb-2024","5","122.85","0.00","5496.601","-","0.000"
"USEP","04-Feb-2024","6","121.83","0.00","5428.437","-","0.000"
"USEP","04-Feb-2024","7","116.07","0.00","5371.506","-","0.000"
"USEP","04-Feb-2024","8","116.07","0.00","5348.594","-","0.000"
"USEP","04-Feb-2024","9","121.81","0.00","5343.406","-","0.000"
"USEP","04-Feb-2024","10","121.80","0.00","5350.557","-","0.000"
"USEP","04-Feb-2024","11","121.82","0.00","5384.632","-","0.000"
"USEP","04-Feb-2024","12","122.83","0.00","5441.643","-","0.000"
"USEP","04-Feb-2024","13","121.84","0.00","5503.524","-","0.000"
"USEP","04-Feb-2024","14","113.21","0.00","5553.935","-","0.000"
"USEP","04-Feb-2024","15","113.42","0.00","5596.041","-","0.000"
"USEP","04-Feb-2024","16","104.17","0.00","5653.444","-","0.000"
"USEP","04-Feb-2024","17","104.15","0.00","5725.042","-","0.000"
"USEP","04-Feb-2024","18","104.15","0.00","5777.461","-","0.000"
"USEP","04-Feb-2024","19","98.19","0.00","5800.129","-","0.000"
"USEP","04-Feb-2024","20","90.25","0.00","5782.744","-","0.000"
"USEP","04-Feb-2024","21","87.77","0.00","5773.514","-","0.000"
"USEP","04-Feb-2024","22","87.53","0.00","5756.428","-","0.000"
"USEP","04-Feb-2024","23","87.30","0.00","5726.215","-","0.000"
"USEP","04-Feb-2024","24","85.39","0.00","5680.943","-","0.000"
"USEP","04-Feb-2024","25","81.97","0.00","5598.307","-","0.000"
"USEP","04-Feb-2024","26","81.93","0.00","5562.821","-","0.000"
"USEP","04-Feb-2024","27","81.96","0.00","5596.950","-","0.000"
"USEP","04-Feb-2024","28","85.25","0.00","5678.960","-","0.000"
"USEP","04-Feb-2024","29","85.36","0.00","5686.500","-","0.000"
"USEP","04-Feb-2024","30","86.41","0.00","5721.971","-","0.000"
"USEP","04-Feb-2024","31","87.51","0.00","5773.818","-","0.000"
"USEP","04-Feb-2024","32","92.13","0.00","5866.538","-","0.000"
"USEP","04-Feb-2024","33","113.19","0.00","5982.334","-","0.000"
"USEP","04-Feb-2024","34","122.08","0.00","6058.484","-","0.000"
"USEP","04-Feb-2024","35","125.26","0.00","6186.715","-","0.000"
"USEP","04-Feb-2024","36","147.50","0.00","6356.838","-","0.000"
"USEP","04-Feb-2024","37","157.69","0.00","6411.384","-","0.000"
"USEP","04-Feb-2024","38","185.55","0.00","6467.207","-","0.000"
"USEP","04-Feb-2024","39","202.52","0.00","6530.058","-","0.000"
"USEP","04-Feb-2024","40","198.33","0.00","6566.950","-","0.000"
"USEP","04-Feb-2024","41","162.74","0.00","6591.169","-","0.000"
"USEP","04-Feb-2024","42","229.23","0.00","6589.211","-","0.000"
"USEP","04-Feb-2024","43","154.82","0.00","6543.243","-","0.000"
"USEP","04-Feb-2024","44","133.91","0.00","6433.317","-","0.000"
"USEP","04-Feb-2024","45","133.67","0.00","6312.451","-","0.000"
"USEP","04-Feb-2024","46","129.14","0.00","6191.387","-","0.000"
"USEP","04-Feb-2024","47","122.93","0.00","6097.499","-","0.000"
"USEP","04-Feb-2024","48","123.79","0.00","6051.039","-","0.000"
"USEP","05-Feb-2024","1","133.69","0.00","5980.609","-","0.000"
"USEP","05-Feb-2024","2","125.07","0.00","5827.916","-","0.000"
"USEP","05-Feb-2024","3","122.87","0.00","5661.297","-","0.000"
"USEP","05-Feb-2024","4","121.83","0.00","5589.321","-","0.000"
"USEP","05-Feb-2024","5","113.20","0.00","5536.853","-","0.000"
"USEP","05-Feb-2024","6","105.25","0.00","5490.170","-","0.000"
"USEP","05-Feb-2024","7","105.25","0.00","5455.872","-","0.000"
"USEP","05-Feb-2024","8","97.69","0.00","5432.463","-","0.000"
"USEP","05-Feb-2024","9","98.80","0.00","5430.321","-","0.000"
"USEP","05-Feb-2024","10","105.84","0.00","5472.521","-","0.000"
"USEP","05-Feb-2024","11","121.83","0.00","5567.076","-","0.000"
"USEP","05-Feb-2024","12","123.76","0.00","5731.016","-","0.000"
"USEP","05-Feb-2024","13","123.73","0.00","5918.633","-","0.000"
"USEP","05-Feb-2024","14","128.80","0.00","6083.926","-","0.000"
"USEP","05-Feb-2024","15","128.82","0.00","6264.645","-","0.000"
"USEP","05-Feb-2024","16","133.61","0.00","6461.497","-","0.000"
"USEP","05-Feb-2024","17","133.78","0.00","6619.339","-","0.000"
"USEP","05-Feb-2024","18","133.77","0.00","6695.554","-","0.000"
"USEP","05-Feb-2024","19","133.70","0.00","6718.376","-","0.000"
"USEP","05-Feb-2024","20","133.70","0.00","6716.209","-","0.000"
"USEP","05-Feb-2024","21","128.79","0.00","6700.047","-","0.000"
"USEP","05-Feb-2024","22","125.37","0.00","6661.504","-","0.000"
"USEP","05-Feb-2024","23","123.16","0.00","6600.865","-","0.000"
"USEP","05-Feb-2024","24","121.99","0.00","6538.204","-","0.000"
"USEP","05-Feb-2024","25","121.98","0.00","6506.232","-","0.000"
"USEP","05-Feb-2024","26","123.16","0.00","6541.335","-","0.000"
"USEP","05-Feb-2024","27","124.07","0.00","6611.536","-","0.000"
"USEP","05-Feb-2024","28","125.39","0.00","6694.798","-","0.000"
"USEP","05-Feb-2024","29","133.75","0.00","6732.143","-","0.000"
"USEP","05-Feb-2024","30","133.76","0.00","6758.116","-","0.000"
"USEP","05-Feb-2024","31","133.75","0.00","6771.804","-","0.000"
"USEP","05-Feb-2024","32","133.87","0.00","6826.280","-","0.000"
"USEP","05-Feb-2024","33","133.85","0.00","6865.538","-","0.000"
"USEP","05-Feb-2024","34","155.61","0.00","6975.628","-","0.000"
"USEP","05-Feb-2024","35","155.48","0.00","7027.167","-","0.000"
"USEP","05-Feb-2024","36","163.07","0.00","7030.492","-","0.000"
"USEP","05-Feb-2024","37","163.05","0.00","7005.314","-","0.000"
"USEP","05-Feb-2024","38","177.13","0.00","7007.744","-","0.000"
"USEP","05-Feb-2024","39","183.49","0.00","6986.115","-","0.000"
"USEP","05-Feb-2024","40","212.45","0.00","6991.522","-","0.000"
"USEP","05-Feb-2024","41","208.86","0.00","6968.268","-","0.000"
"USEP","05-Feb-2024","42","163.12","0.00","6914.676","-","0.000"
"USEP","05-Feb-2024","43","152.54","0.00","6845.524","-","0.000"
"USEP","05-Feb-2024","44","151.35","0.00","6728.117","-","0.000"
"USEP","05-Feb-2024","45","150.28","0.00","6546.096","-","0.000"
"USEP","05-Feb-2024","46","133.81","0.00","6351.784","-","0.000"
"USEP","05-Feb-2024","47","125.31","0.00","6140.579","-","0.000"
"USEP","05-Feb-2024","48","125.16","0.00","6015.265","-","0.000"
"USEP","06-Feb-2024","1","125.12","0.00","5929.722","-","0.000"
"USEP","06-Feb-2024","2","123.80","0.00","5897.297","-","0.000"
"USEP","06-Feb-2024","3","121.88","0.00","5723.506","-","0.000"
"USEP","06-Feb-2024","4","118.73","0.00","5653.007","-","0.000"
"USEP","06-Feb-2024","5","113.23","0.00","5596.180","-","0.000"
"USEP","06-Feb-2024","6","108.66","0.00","5543.538","-","0.000"
"USEP","06-Feb-2024","7","104.16","0.00","5507.823","-","0.000"
"USEP","06-Feb-2024","8","89.63","0.00","5490.990","-","0.000"
"USEP","06-Feb-2024","9","96.27","0.00","5490.880","-","0.000"
"USEP","06-Feb-2024","10","108.67","0.00","5532.832","-","0.000"
"USEP","06-Feb-2024","11","118.73","0.00","5634.568","-","0.000"
"USEP","06-Feb-2024","12","123.76","0.00","5813.806","-","0.000"
"USEP","06-Feb-2024","13","123.78","0.00","6005.161","-","0.000"
"USEP","06-Feb-2024","14","128.84","0.00","6167.546","-","0.000"
"USEP","06-Feb-2024","15","133.43","0.00","6341.228","-","0.000"
"USEP","06-Feb-2024","16","143.30","0.00","6521.251","-","0.000"
"USEP","06-Feb-2024","17","133.78","0.00","6665.873","-","0.000"
"USEP","06-Feb-2024","18","133.66","0.00","6709.097","-","0.000"
"USEP","06-Feb-2024","19","133.66","0.00","6712.984","-","0.000"
"USEP","06-Feb-2024","20","133.33","0.00","6709.206","-","0.000"
"USEP","06-Feb-2024","21","128.80","0.00","6686.225","-","0.000"
"USEP","06-Feb-2024","22","124.04","0.00","6630.854","-","0.000"
"USEP","06-Feb-2024","23","123.16","0.00","6569.912","-","0.000"
"USEP","06-Feb-2024","24","122.11","0.00","6502.449","-","0.000"
"USEP","06-Feb-2024","25","123.11","0.00","6487.241","-","0.000"
"USEP","06-Feb-2024","26","124.03","0.00","6534.302","-","0.000"
"USEP","06-Feb-2024","27","124.05","0.00","6586.313","-","0.000"
"USEP","06-Feb-2024","28","133.28","0.00","6692.641","-","0.000"
"USEP","06-Feb-2024","29","133.84","0.00","6808.139","-","0.000"
"USEP","06-Feb-2024","30","162.80","0.00","6973.471","-","0.000"
"USEP","06-Feb-2024","31","169.78","0.00","7065.744","-","0.000"
"USEP","06-Feb-2024","32","169.78","0.00","7066.132","-","0.000"
"USEP","06-Feb-2024","33","183.49","0.00","7104.928","-","0.000"
"USEP","06-Feb-2024","34","313.08","0.00","7178.002","-","0.000"
"USEP","06-Feb-2024","35","253.79","0.00","7164.170","-","0.000"
"USEP","06-Feb-2024","36","166.34","0.00","7077.056","-","0.000"
"USEP","06-Feb-2024","37","154.62","0.00","7007.426","-","0.000"
"USEP","06-Feb-2024","38","163.05","0.00","7008.157","-","0.000"
"USEP","06-Feb-2024","39","157.77","0.00","6984.773","-","0.000"
"USEP","06-Feb-2024","40","162.83","0.00","6969.093","-","0.000"
"USEP","06-Feb-2024","41","162.83","0.00","6943.656","-","0.000"
"USEP","06-Feb-2024","42","152.73","0.00","6900.432","-","0.000"
"USEP","06-Feb-2024","43","152.12","0.00","6831.210","-","0.000"
"USEP","06-Feb-2024","44","151.15","0.00","6715.717","-","0.000"
"USEP","06-Feb-2024","45","151.03","0.00","6571.438","-","0.000"
"USEP","06-Feb-2024","46","133.91","0.00","6435.369","-","0.000"
"USEP","06-Feb-2024","47","133.70","0.00","6289.927","-","0.000"
"USEP","06-Feb-2024","48","128.86","0.00","6129.520","-","0.000"
"USEP","07-Feb-2024","1","125.12","0.00","5964.636","-","0.000"
"USEP","07-Feb-2024","2","122.90","0.00","5839.491","-","0.000"
"USEP","07-Feb-2024","3","122.90","0.00","5766.840","-","0.000"
"USEP","07-Feb-2024","4","121.88","0.00","5696.996","-","0.000"
"USEP","07-Feb-2024","5","118.74","0.00","5629.240","-","0.000"
"USEP","07-Feb-2024","6","104.19","0.00","5571.678","-","0.000"
"USEP","07-Feb-2024","7","104.16","0.00","5533.086","-","0.000"
"USEP","07-Feb-2024","8","98.75","0.00","5515.358","-","0.000"
"USEP","07-Feb-2024","9","99.86","0.00","5520.179","-","0.000"
"USEP","07-Feb-2024","10","113.23","0.00","5564.054","-","0.000"
"USEP","07-Feb-2024","11","121.86","0.00","5670.939","-","0.000"
"USEP","07-Feb-2024","12","123.75","0.00","5836.688","-","0.000"
"USEP","07-Feb-2024","13","124.99","0.00","6022.283","-","0.000"
"USEP","07-Feb-2024","14","133.73","0.00","6186.536","-","0.000"
"USEP","07-Feb-2024","15","133.95","0.00","6361.475","-","0.000"
"USEP","07-Feb-2024","16","151.47","0.00","6539.680","-","0.000"
"USEP","07-Feb-2024","17","133.68","0.00","6669.546","-","0.000"
"USEP","07-Feb-2024","18","133.77","0.00","6720.817","-","0.000"
"USEP","07-Feb-2024","19","133.69","0.00","6733.237","-","0.000"
"USEP","07-Feb-2024","20","132.16","0.00","6739.474","-","0.000"
"USEP","07-Feb-2024","21","125.34","0.00","6716.796","-","0.000"
"USEP","07-Feb-2024","22","125.35","0.00","6711.120","-","0.000"
"USEP","07-Feb-2024","23","125.38","0.00","6726.999","-","0.000"
"USEP","07-Feb-2024","24","124.02","0.00","6661.877","-","0.000"
"USEP","07-Feb-2024","25","123.11","0.00","6589.350","-","0.000"
"USEP","07-Feb-2024","26","124.06","0.00","6613.072","-","0.000"
"USEP","07-Feb-2024","27","128.82","0.00","6714.330","-","0.000"
"USEP","07-Feb-2024","28","133.76","0.00","6756.729","-","0.000"
"USEP","07-Feb-2024","29","129.45","0.00","6767.028","-","0.000"
"USEP","07-Feb-2024","30","128.65","0.00","6758.335","-","0.000"
"USEP","07-Feb-2024","31","133.75","0.00","6821.797","-","0.000"
"USEP","07-Feb-2024","32","152.42","0.00","6952.190","-","0.000"
"USEP","07-Feb-2024","33","212.35","0.00","7077.842","-","0.000"
"USEP","07-Feb-2024","34","209.59","0.00","7099.218","-","0.000"
"USEP","07-Feb-2024","35","202.59","0.00","7087.170","-","0.000"
"USEP","07-Feb-2024","36","177.30","0.00","7072.633","-","0.000"
"USEP","07-Feb-2024","37","181.65","0.00","7061.217","-","0.000"
"USEP","07-Feb-2024","38","180.55","0.00","7032.237","-","0.000"
"USEP","07-Feb-2024","39","163.06","0.00","7028.166","-","0.000"
"USEP","07-Feb-2024","40","182.73","0.00","7036.939","-","0.000"
"USEP","07-Feb-2024","41","212.47","0.00","7019.583","-","0.000"
"USEP","07-Feb-2024","42","170.44","0.00","6963.298","-","0.000"
"USEP","07-Feb-2024","43","133.91","0.00","6810.331","-","0.000"
"USEP","07-Feb-2024","44","132.53","0.00","6691.389","-","0.000"
"USEP","07-Feb-2024","45","133.75","0.00","6558.303","-","0.000"
"USEP","07-Feb-2024","46","133.93","0.00","6431.856","-","0.000"
"USEP","07-Feb-2024","47","128.82","0.00","6243.259","-","0.000"
"USEP","07-Feb-2024","48","124.91","0.00","6088.374","-","0.000"
"USEP","08-Feb-2024","1","124.68","0.00","5987.647","-","0.000"
"USEP","08-Feb-2024","2","123.79","0.00","5927.923","-","0.000"
"USEP","08-Feb-2024","3","121.87","0.00","5778.505","-","0.000"
"USEP","08-Feb-2024","4","118.74","0.00","5707.250","-","0.000"
"USEP","08-Feb-2024","5","105.31","0.00","5634.782","-","0.000"
"USEP","08-Feb-2024","6","98.81","0.00","5586.066","-","0.000"
"USEP","08-Feb-2024","7","98.80","0.00","5533.618","-","0.000"
"USEP","08-Feb-2024","8","88.14","0.00","5512.893","-","0.000"
"USEP","08-Feb-2024","9","90.29","0.00","5520.124","-","0.000"
"USEP","08-Feb-2024","10","98.81","0.00","5569.218","-","0.000"
"USEP","08-Feb-2024","11","113.23","0.00","5671.779","-","0.000"
"USEP","08-Feb-2024","12","123.75","0.00","5845.381","-","0.000"
"USEP","08-Feb-2024","13","123.77","0.00","6032.005","-","0.000"
"USEP","08-Feb-2024","14","133.29","0.00","6194.364","-","0.000"
"USEP","08-Feb-2024","15","133.77","0.00","6354.229","-","0.000"
"USEP","08-Feb-2024","16","140.20","0.00","6530.988","-","0.000"
"USEP","08-Feb-2024","17","133.69","0.00","6658.572","-","0.000"
"USEP","08-Feb-2024","18","133.67","0.00","6699.510","-","0.000"
"USEP","08-Feb-2024","19","128.81","0.00","6687.334","-","0.000"
"USEP","08-Feb-2024","20","128.83","0.00","6692.075","-","0.000"
"USEP","08-Feb-2024","21","125.36","0.00","6680.709","-","0.000"
"USEP","08-Feb-2024","22","123.25","0.00","6617.232","-","0.000"
"USEP","08-Feb-2024","23","119.55","0.00","6546.941","-","0.000"
"USEP","08-Feb-2024","24","113.18","0.00","6494.070","-","0.000"
"USEP","08-Feb-2024","25","113.18","0.00","6468.972","-","0.000"
"USEP","08-Feb-2024","26","122.11","0.00","6527.002","-","0.000"
"USEP","08-Feb-2024","27","124.08","0.00","6644.199","-","0.000"
"USEP","08-Feb-2024","28","133.78","0.00","6781.207","-","0.000"
"USEP","08-Feb-2024","29","133.75","0.00","6849.187","-","0.000"
"USEP","08-Feb-2024","30","133.88","0.00","6886.715","-","0.000"
"USEP","08-Feb-2024","31","153.73","0.00","6962.766","-","0.000"
"USEP","08-Feb-2024","32","148.45","0.00","6926.460","-","0.000"
"USEP","08-Feb-2024","33","152.96","0.00","6962.886","-","0.000"
"USEP","08-Feb-2024","34","153.07","0.00","7013.073","-","0.000"
"USEP","08-Feb-2024","35","142.74","0.00","6985.574","-","0.000"
"USEP","08-Feb-2024","36","153.80","0.00","6992.452","-","0.000"
"USEP","08-Feb-2024","37","143.20","0.00","6923.364","-","0.000"
"USEP","08-Feb-2024","38","142.53","0.00","6892.058","-","0.000"
"USEP","08-Feb-2024","39","134.09","0.00","6866.209","-","0.000"
"USEP","08-Feb-2024","40","143.24","0.00","6866.045","-","0.000"
"USEP","08-Feb-2024","41","143.56","0.00","6848.471","-","0.000"
"USEP","08-Feb-2024","42","134.09","0.00","6808.438","-","0.000"
"USEP","08-Feb-2024","43","134.00","0.00","6736.850","-","0.000"
"USEP","08-Feb-2024","44","133.77","0.00","6611.984","-","0.000"
"USEP","08-Feb-2024","45","133.38","0.00","6477.978","-","0.000"
"USEP","08-Feb-2024","46","123.31","0.00","6348.474","-","0.000"
"USEP","08-Feb-2024","47","113.23","0.00","6226.600","-","0.000"
"USEP","08-Feb-2024","48","102.47","0.00","5984.864","-","0.000"
"USEP","09-Feb-2024","1","104.17","0.00","5763.485","-","0.000"
"USEP","09-Feb-2024","2","101.00","0.00","5669.592","-","0.000"
"USEP","09-Feb-2024","3","117.13","0.00","5703.935","-","0.000"
"USEP","09-Feb-2024","4","113.16","0.00","5625.121","-","0.000"
"USEP","09-Feb-2024","5","104.11","0.00","5573.303","-","0.000"
"USEP","09-Feb-2024","6","96.35","0.00","5515.403","-","0.000"
"USEP","09-Feb-2024","7","89.72","0.00","5466.379","-","0.000"
"USEP","09-Feb-2024","8","84.00","0.00","5436.941","-","0.000"
"USEP","09-Feb-2024","9","83.98","0.00","5426.211","-","0.000"
"USEP","09-Feb-2024","10","88.12","0.00","5452.905","-","0.000"
"USEP","09-Feb-2024","11","88.13","0.00","5511.208","-","0.000"
"USEP","09-Feb-2024","12","102.33","0.00","5620.021","-","0.000"
"USEP","09-Feb-2024","13","89.95","0.00","5745.653","-","0.000"
"USEP","09-Feb-2024","14","100.99","0.00","5867.224","-","0.000"
"USEP","09-Feb-2024","15","104.14","0.00","6004.396","-","0.000"
"USEP","09-Feb-2024","16","118.72","0.00","6169.549","-","0.000"
"USEP","09-Feb-2024","17","124.23","0.00","6332.550","-","0.000"
"USEP","09-Feb-2024","18","124.33","0.00","6436.011","-","0.000"
"USEP","09-Feb-2024","19","124.31","0.00","6469.012","-","0.000"
"USEP","09-Feb-2024","20","124.27","0.00","6447.601","-","0.000"
"USEP","09-Feb-2024","21","121.99","0.00","6413.765","-","0.000"
"USEP","09-Feb-2024","22","117.38","0.00","6365.357","-","0.000"
"USEP","09-Feb-2024","23","104.09","0.00","6304.182","-","0.000"
"USEP","09-Feb-2024","24","98.33","0.00","6231.088","-","0.000"
"USEP","09-Feb-2024","25","97.42","0.00","6199.861","-","0.000"
"USEP","09-Feb-2024","26","95.26","0.00","6165.727","-","0.000"
"USEP","09-Feb-2024","27","92.14","0.00","6184.096","-","0.000"
"USEP","09-Feb-2024","28","91.88","0.00","6184.877","-","0.000"
"USEP","09-Feb-2024","29","91.76","0.00","6192.217","-","0.000"
"USEP","09-Feb-2024","30","91.01","0.00","6167.228","-","0.000"
"USEP","09-Feb-2024","31","95.29","0.00","6243.145","-","0.000"
"USEP","09-Feb-2024","32","104.09","0.00","6313.371","-","0.000"
"USEP","09-Feb-2024","33","110.64","0.00","6369.781","-","0.000"
"USEP","09-Feb-2024","34","110.67","0.00","6382.673","-","0.000"
"USEP","09-Feb-2024","35","122.03","0.00","6441.438","-","0.000"
"USEP","09-Feb-2024","36","120.12","0.00","6408.030","-","0.000"
"USEP","09-Feb-2024","37","118.71","0.00","6396.519","-","0.000"
"USEP","09-Feb-2024","38","118.72","0.00","6382.091","-","0.000"
"USEP","09-Feb-2024","39","110.65","0.00","6356.859","-","0.000"
"USEP","09-Feb-2024","40","110.65","0.00","6338.355","-","0.000"
"USEP","09-Feb-2024","41","108.66","0.00","6323.555","-","0.000"
"USEP","09-Feb-2024","42","104.55","0.00","6316.636","-","0.000"
"USEP","09-Feb-2024","43","103.46","0.00","6265.838","-","0.000"
"USEP","09-Feb-2024","44","100.54","0.00","6169.420","-","0.000"
"USEP","09-Feb-2024","45","103.40","0.00","6080.218","-","0.000"
"USEP","09-Feb-2024","46","102.44","0.00","6024.366","-","0.000"
"USEP","09-Feb-2024","47","105.03","0.00","5950.541","-","0.000"
"USEP","09-Feb-2024","48","124.23","0.00","5852.583","-","0.000"
"USEP","10-Feb-2024","1","123.17","0.00","5749.992","-","0.000"
"USEP","10-Feb-2024","2","123.15","0.00","5651.909","-","0.000"
"USEP","10-Feb-2024","3","123.11","0.00","5551.858","-","0.000"
"USEP","10-Feb-2024","4","114.61","0.00","5449.824","-","0.000"
"USEP","10-Feb-2024","5","104.54","0.00","5312.572","-","0.000"
"USEP","10-Feb-2024","6","88.16","0.00","5186.314","-","0.000"
"USEP","10-Feb-2024","7","69.83","0.00","5128.294","-","0.000"
"USEP","10-Feb-2024","8","88.30","0.00","5160.450","-","0.000"
"USEP","10-Feb-2024","9","88.30","0.00","5139.512","-","0.000"
"USEP","10-Feb-2024","10","84.08","0.00","5138.761","-","0.000"
"USEP","10-Feb-2024","11","84.07","0.00","5147.762","-","0.000"
"USEP","10-Feb-2024","12","88.14","0.00","5208.838","-","0.000"
"USEP","10-Feb-2024","13","84.09","0.00","5261.868","-","0.000"
"USEP","10-Feb-2024","14","88.14","0.00","5290.953","-","0.000"
"USEP","10-Feb-2024","15","94.88","0.00","5309.078","-","0.000"
"USEP","10-Feb-2024","16","101.04","0.00","5368.057","-","0.000"
"USEP","10-Feb-2024","17","98.85","0.00","5432.707","-","0.000"
"USEP","10-Feb-2024","18","96.48","0.00","5463.794","-","0.000"
"USEP","10-Feb-2024","19","90.64","0.00","5483.838","-","0.000"
"USEP","10-Feb-2024","20","86.33","0.00","5483.858","-","0.000"
"USEP","10-Feb-2024","21","85.54","0.00","5458.814","-","0.000"
"USEP","10-Feb-2024","22","84.03","0.00","5408.006","-","0.000"
"USEP","10-Feb-2024","23","83.91","0.00","5374.757","-","0.000"
"USEP","10-Feb-2024","24","79.51","0.00","5343.883","-","0.000"
"USEP","10-Feb-2024","25","75.81","0.00","5331.886","-","0.000"
"USEP","10-Feb-2024","26","75.49","0.00","5289.685","-","0.000"
"USEP","10-Feb-2024","27","74.70","0.00","5272.757","-","0.000"
"USEP","10-Feb-2024","28","74.79","0.00","5262.803","-","0.000"
"USEP","10-Feb-2024","29","74.79","0.00","5274.442","-","0.000"
"USEP","10-Feb-2024","30","75.08","0.00","5323.780","-","0.000"
"USEP","10-Feb-2024","31","80.86","0.00","5355.165","-","0.000"
"USEP","10-Feb-2024","32","83.76","0.00","5366.462","-","0.000"
"USEP","10-Feb-2024","33","75.09","0.00","5348.560","-","0.000"
"USEP","10-Feb-2024","34","81.12","0.00","5383.405","-","0.000"
"USEP","10-Feb-2024","35","83.80","0.00","5421.276","-","0.000"
"USEP","10-Feb-2024","36","85.45","0.00","5511.173","-","0.000"
"USEP","10-Feb-2024","37","88.20","0.00","5612.686","-","0.000"
"USEP","10-Feb-2024","38","91.45","0.00","5757.323","-","0.000"
"USEP","10-Feb-2024","39","94.57","0.00","5879.932","-","0.000"
"USEP","10-Feb-2024","40","100.92","0.00","5928.489","-","0.000"
"USEP","10-Feb-2024","41","102.54","0.00","5959.885","-","0.000"
"USEP","10-Feb-2024","42","105.15","0.00","5969.855","-","0.000"
"USEP","10-Feb-2024","43","105.15","0.00","5949.418","-","0.000"
"USEP","10-Feb-2024","44","104.22","0.00","5892.412","-","0.000"
"USEP","10-Feb-2024","45","108.14","0.00","5851.136","-","0.000"
"USEP","10-Feb-2024","46","119.49","0.00","5822.867","-","0.000"
"USEP","10-Feb-2024","47","118.74","0.00","5737.880","-","0.000"
"USEP","10-Feb-2024","48","112.44","0.00","5619.390","-","0.000"
"USEP","11-Feb-2024","1","94.50","0.00","5499.563","-","0.000"
"USEP","11-Feb-2024","2","92.93","0.00","5414.974","-","0.000"
"USEP","11-Feb-2024","3","90.02","0.00","5347.834","-","0.000"
"USEP","11-Feb-2024","4","88.18","0.00","5280.327","-","0.000"
"USEP","11-Feb-2024","5","84.12","0.00","5217.605","-","0.000"
"USEP","11-Feb-2024","6","84.11","0.00","5176.489","-","0.000"
"USEP","11-Feb-2024","7","69.80","0.00","5142.638","-","0.000"
"USEP","11-Feb-2024","8","64.30","0.00","5114.408","-","0.000"
"USEP","11-Feb-2024","9","64.30","0.00","5108.260","-","0.000"
"USEP","11-Feb-2024","10","64.32","0.00","5123.737","-","0.000"
"USEP","11-Feb-2024","11","64.31","0.00","5152.086","-","0.000"
"USEP","11-Feb-2024","12","64.31","0.00","5184.098","-","0.000"
"USEP","11-Feb-2024","13","64.31","0.00","5229.921","-","0.000"
"USEP","11-Feb-2024","14","69.78","0.00","5271.073","-","0.000"
"USEP","11-Feb-2024","15","84.10","0.00","5323.988","-","0.000"
"USEP","11-Feb-2024","16","90.84","0.00","5415.138","-","0.000"
"USEP","11-Feb-2024","17","94.49","0.00","5502.098","-","0.000"
"USEP","11-Feb-2024","18","92.94","0.00","5529.706","-","0.000"
"USEP","11-Feb-2024","19","90.38","0.00","5533.076","-","0.000"
"USEP","11-Feb-2024","20","90.04","0.00","5555.222","-","0.000"
"USEP","11-Feb-2024","21","89.91","0.00","5575.739","-","0.000"
"USEP","11-Feb-2024","22","89.87","0.00","5565.545","-","0.000"
"USEP","11-Feb-2024","23","89.88","0.00","5563.612","-","0.000"
"USEP","11-Feb-2024","24","89.12","0.00","5503.132","-","0.000"
"USEP","11-Feb-2024","25","88.74","0.00","5450.360","-","0.000"
"USEP","11-Feb-2024","26","88.11","0.00","5382.455","-","0.000"
"USEP","11-Feb-2024","27","88.04","0.00","5357.968","-","0.000"
"USEP","11-Feb-2024","28","86.10","0.00","5384.662","-","0.000"
"USEP","11-Feb-2024","29","86.10","0.00","5389.408","-","0.000"
"USEP","11-Feb-2024","30","86.02","0.00","5365.274","-","0.000"
"USEP","11-Feb-2024","31","85.23","0.00","5324.103","-","0.000"
"USEP","11-Feb-2024","32","83.35","0.00","5326.881","-","0.000"
"USEP","11-Feb-2024","33","83.51","0.00","5389.821","-","0.000"
"USEP","11-Feb-2024","34","84.13","0.00","5464.117","-","0.000"
"USEP","11-Feb-2024","35","86.03","0.00","5542.022","-","0.000"
"USEP","11-Feb-2024","36","88.40","0.00","5612.268","-","0.000"
"USEP","11-Feb-2024","37","91.16","0.00","5708.959","-","0.000"
"USEP","11-Feb-2024","38","96.42","0.00","5834.328","-","0.000"
"USEP","11-Feb-2024","39","95.47","0.00","5894.082","-","0.000"
"USEP","11-Feb-2024","40","102.48","0.00","5954.045","-","0.000"
"USEP","11-Feb-2024","41","106.85","0.00","5986.042","-","0.000"
"USEP","11-Feb-2024","42","109.37","0.00","6001.583","-","0.000"
"USEP","11-Feb-2024","43","111.66","0.00","5999.809","-","0.000"
"USEP","11-Feb-2024","44","123.22","0.00","5934.041","-","0.000"
"USEP","11-Feb-2024","45","113.06","0.00","5844.119","-","0.000"
"USEP","11-Feb-2024","46","113.03","0.00","5777.873","-","0.000"
"USEP","11-Feb-2024","47","113.41","0.00","5702.548","-","0.000"
"USEP","11-Feb-2024","48","114.36","0.00","5621.090","-","0.000"
"USEP","12-Feb-2024","1","102.41","0.00","5587.160","-","0.000"
"USEP","12-Feb-2024","2","117.21","0.00","5568.328","-","0.000"
"USEP","12-Feb-2024","3","111.59","0.00","5487.387","-","0.000"
"USEP","12-Feb-2024","4","102.22","0.00","5377.421","-","0.000"
"USEP","12-Feb-2024","5","90.62","0.00","5289.168","-","0.000"
"USEP","12-Feb-2024","6","90.61","0.00","5244.498","-","0.000"
"USEP","12-Feb-2024","7","87.16","0.00","5203.545","-","0.000"
"USEP","12-Feb-2024","8","84.09","0.00","5168.209","-","0.000"
"USEP","12-Feb-2024","9","84.09","0.00","5155.684","-","0.000"
"USEP","12-Feb-2024","10","84.09","0.00","5164.511","-","0.000"
"USEP","12-Feb-2024","11","87.15","0.00","5200.598","-","0.000"
"USEP","12-Feb-2024","12","87.16","0.00","5262.489","-","0.000"
"USEP","12-Feb-2024","13","88.17","0.00","5333.501","-","0.000"
"USEP","12-Feb-2024","14","88.17","0.00","5378.922","-","0.000"
"USEP","12-Feb-2024","15","102.34","0.00","5429.004","-","0.000"
"USEP","12-Feb-2024","16","112.59","0.00","5531.565","-","0.000"
"USEP","12-Feb-2024","17","123.12","0.00","5647.973","-","0.000"
"USEP","12-Feb-2024","18","123.12","0.00","5730.808","-","0.000"
"USEP","12-Feb-2024","19","123.15","0.00","5801.093","-","0.000"
"USEP","12-Feb-2024","20","123.15","0.00","5865.072","-","0.000"
"USEP","12-Feb-2024","21","123.22","0.00","5917.923","-","0.000"
"USEP","12-Feb-2024","22","123.22","0.00","5925.358","-","0.000"
"USEP","12-Feb-2024","23","123.24","0.00","5930.979","-","0.000"
"USEP","12-Feb-2024","24","95.70","0.00","5796.834","-","0.000"
"USEP","12-Feb-2024","25","89.02","0.00","5731.583","-","0.000"
"USEP","12-Feb-2024","26","89.88","0.00","5807.689","-","0.000"
"USEP","12-Feb-2024","27","89.93","0.00","5791.973","-","0.000"
"USEP","12-Feb-2024","28","88.21","0.00","5704.288","-","0.000"
"USEP","12-Feb-2024","29","89.03","0.00","5755.618","-","0.000"
"USEP","12-Feb-2024","30","89.06","0.00","5742.090","-","0.000"
"USEP","12-Feb-2024","31","91.14","0.00","5768.609","-","0.000"
"USEP","12-Feb-2024","32","89.88","0.00","5794.771","-","0.000"
"USEP","12-Feb-2024","33","86.35","0.00","5710.644","-","0.000"
"USEP","12-Feb-2024","34","86.11","0.00","5781.333","-","0.000"
"USEP","12-Feb-2024","35","86.37","0.00","5800.025","-","0.000"
"USEP","12-Feb-2024","36","88.24","0.00","5807.321","-","0.000"
"USEP","12-Feb-2024","37","83.38","0.00","5856.385","-","0.000"
"USEP","12-Feb-2024","38","83.20","0.00","5975.709","-","0.000"
"USEP","12-Feb-2024","39","85.49","0.00","6045.533","-","0.000"
"USEP","12-Feb-2024","40","87.79","0.00","6113.304","-","0.000"
"USEP","12-Feb-2024","41","87.26","0.00","6142.393","-","0.000"
"USEP","12-Feb-2024","42","89.10","0.00","6142.105","-","0.000"
"USEP","12-Feb-2024","43","88.40","0.00","6093.459","-","0.000"
"USEP","12-Feb-2024","44","89.91","0.00","6051.164","-","0.000"
"USEP","12-Feb-2024","45","94.63","0.00","6026.205","-","0.000"
"USEP","12-Feb-2024","46","98.93","0.00","5995.043","-","0.000"
"USEP","12-Feb-2024","47","93.99","0.00","5914.708","-","0.000"
"USEP","12-Feb-2024","48","106.26","0.00","5854.337","-","0.000"
"USEP","13-Feb-2024","1","124.16","0.00","5798.852","-","0.000"
"USEP","13-Feb-2024","2","123.69","0.00","5730.117","-","0.000"
"USEP","13-Feb-2024","3","123.12","0.00","5640.647","-","0.000"
"USEP","13-Feb-2024","4","105.65","0.00","5517.252","-","0.000"
"USEP","13-Feb-2024","5","98.56","0.00","5402.544","-","0.000"
"USEP","13-Feb-2024","6","96.99","0.00","5332.552","-","0.000"
"USEP","13-Feb-2024","7","96.71","0.00","5299.804","-","0.000"
"USEP","13-Feb-2024","8","96.89","0.00","5278.224","-","0.000"
"USEP","13-Feb-2024","9","95.89","0.00","5284.636","-","0.000"
"USEP","13-Feb-2024","10","96.40","0.00","5331.140","-","0.000"
"USEP","13-Feb-2024","11","99.94","0.00","5423.701","-","0.000"
"USEP","13-Feb-2024","12","123.09","0.00","5583.497","-","0.000"
"USEP","13-Feb-2024","13","122.56","0.00","5739.724","-","0.000"
"USEP","13-Feb-2024","14","123.13","0.00","5860.907","-","0.000"
"USEP","13-Feb-2024","15","123.16","0.00","5991.265","-","0.000"
"USEP","13-Feb-2024","16","123.16","0.00","6162.457","-","0.000"
"USEP","13-Feb-2024","17","124.37","0.00","6318.704","-","0.000"
"USEP","13-Feb-2024","18","124.38","0.00","6401.902","-","0.000"
"USEP","13-Feb-2024","19","117.52","0.00","6422.507","-","0.000"
"USEP","13-Feb-2024","20","101.48","0.00","6421.046","-","0.000"
"USEP","13-Feb-2024","21","94.96","0.00","6438.401","-","0.000"
"USEP","13-Feb-2024","22","101.57","0.00","6368.712","-","0.000"
"USEP","13-Feb-2024","23","98.99","0.00","6343.112","-","0.000"
"USEP","13-Feb-2024","24","94.89","0.00","6294.813","-","0.000"
"USEP","13-Feb-2024","25","98.97","0.00","6327.839","-","0.000"
"USEP","13-Feb-2024","26","117.82","0.00","6343.907","-","0.000"
"USEP","13-Feb-2024","27","125.78","0.00","6457.715","-","0.000"
"USEP","13-Feb-2024","28","141.01","0.00","6675.351","-","0.000"
"USEP","13-Feb-2024","29","152.04","0.00","6755.015","-","0.000"
"USEP","13-Feb-2024","30","134.01","0.00","6662.787","-","0.000"
"USEP","13-Feb-2024","31","123.34","0.00","6520.322","-","0.000"
"USEP","13-Feb-2024","32","124.46","0.00","6638.340","-","0.000"
"USEP","13-Feb-2024","33","133.88","0.00","6789.139","-","0.000"
"USEP","13-Feb-2024","34","152.89","0.00","6776.968","-","0.000"
"USEP","13-Feb-2024","35","134.04","0.00","6708.213","-","0.000"
"USEP","13-Feb-2024","36","133.74","0.00","6608.763","-","0.000"
"USEP","13-Feb-2024","37","125.77","0.00","6573.277","-","0.000"
"USEP","13-Feb-2024","38","125.50","0.00","6604.906","-","0.000"
"USEP","13-Feb-2024","39","133.78","0.00","6663.050","-","0.000"
"USEP","13-Feb-2024","40","151.27","0.00","6674.968","-","0.000"
"USEP","13-Feb-2024","41","152.85","0.00","6694.784","-","0.000"
"USEP","13-Feb-2024","42","152.18","0.00","6666.847","-","0.000"
"USEP","13-Feb-2024","43","142.36","0.00","6594.817","-","0.000"
"USEP","13-Feb-2024","44","133.85","0.00","6455.965","-","0.000"
"USEP","13-Feb-2024","45","133.84","0.00","6303.540","-","0.000"
"USEP","13-Feb-2024","46","125.73","0.00","6163.874","-","0.000"
"USEP","13-Feb-2024","47","119.04","0.00","6023.536","-","0.000"
"USEP","13-Feb-2024","48","102.42","0.00","5823.752","-","0.000"
"USEP","14-Feb-2024","1","92.97","0.00","5639.683","-","0.000"
"USEP","14-Feb-2024","2","88.20","0.00","5547.693","-","0.000"
"USEP","14-Feb-2024","3","92.94","0.00","5539.204","-","0.000"
"USEP","14-Feb-2024","4","92.91","0.00","5475.926","-","0.000"
"USEP","14-Feb-2024","5","84.10","0.00","5416.445","-","0.000"
"USEP","14-Feb-2024","6","63.77","0.00","5372.918","-","0.000"
"USEP","14-Feb-2024","7","69.76","0.00","5340.379","-","0.000"
"USEP","14-Feb-2024","8","52.70","0.00","5325.032","-","0.000"
"USEP","14-Feb-2024","9","52.71","0.00","5338.555","-","0.000"
"USEP","14-Feb-2024","10","84.06","0.00","5388.563","-","0.000"
"USEP","14-Feb-2024","11","92.28","0.00","5473.580","-","0.000"
"USEP","14-Feb-2024","12","118.32","0.00","5634.320","-","0.000"
"USEP","14-Feb-2024","13","113.26","0.00","5818.190","-","0.000"
"USEP","14-Feb-2024","14","124.28","0.00","5992.066","-","0.000"
"USEP","14-Feb-2024","15","133.87","0.00","6180.051","-","0.000"
"USEP","14-Feb-2024","16","133.56","0.00","6368.205","-","0.000"
"USEP","14-Feb-2024","17","124.38","0.00","6496.595","-","0.000"
"USEP","14-Feb-2024","18","123.27","0.00","6548.437","-","0.000"
"USEP","14-Feb-2024","19","124.40","0.00","6569.316","-","0.000"
"USEP","14-Feb-2024","20","125.69","0.00","6613.708","-","0.000"
"USEP","14-Feb-2024","21","125.70","0.00","6624.488","-","0.000"
"USEP","14-Feb-2024","22","124.43","0.00","6646.967","-","0.000"
"USEP","14-Feb-2024","23","96.55","0.00","6530.515","-","0.000"
"USEP","14-Feb-2024","24","92.92","0.00","6482.217","-","0.000"
"USEP","14-Feb-2024","25","96.56","0.00","6558.397","-","0.000"
"USEP","14-Feb-2024","26","94.61","0.00","6537.568","-","0.000"
"USEP","14-Feb-2024","27","102.54","0.00","6625.507","-","0.000"
"USEP","14-Feb-2024","28","123.41","0.00","6743.157","-","0.000"
"USEP","14-Feb-2024","29","123.96","0.00","6778.414","-","0.000"
"USEP","14-Feb-2024","30","124.40","0.00","6765.522","-","0.000"
"USEP","14-Feb-2024","31","123.42","0.00","6776.297","-","0.000"
"USEP","14-Feb-2024","32","133.76","0.00","6825.887","-","0.000"
"USEP","14-Feb-2024","33","153.38","0.00","6935.565","-","0.000"
"USEP","14-Feb-2024","34","160.70","0.00","6965.728","-","0.000"
"USEP","14-Feb-2024","35","202.63","0.00","6964.461","-","0.000"
"USEP","14-Feb-2024","36","152.38","0.00","6839.570","-","0.000"
"USEP","14-Feb-2024","37","133.86","0.00","6736.363","-","0.000"
"USEP","14-Feb-2024","38","133.84","0.00","6707.090","-","0.000"
"USEP","14-Feb-2024","39","134.08","0.00","6759.210","-","0.000"
"USEP","14-Feb-2024","40","143.92","0.00","6803.085","-","0.000"
"USEP","14-Feb-2024","41","151.75","0.00","6822.533","-","0.000"
"USEP","14-Feb-2024","42","144.67","0.00","6796.008","-","0.000"
"USEP","14-Feb-2024","43","143.38","0.00","6721.910","-","0.000"
"USEP","14-Feb-2024","44","133.95","0.00","6583.118","-","0.000"
"USEP","14-Feb-2024","45","140.97","0.00","6434.237","-","0.000"
"USEP","14-Feb-2024","46","133.79","0.00","6299.639","-","0.000"
"USEP","14-Feb-2024","47","124.31","0.00","6167.218","-","0.000"
"USEP","14-Feb-2024","48","104.15","0.00","5938.842","-","0.000"
"USEP","15-Feb-2024","1","102.42","0.00","5716.390","-","0.000"
"USEP","15-Feb-2024","2","96.47","0.00","5602.969","-","0.000"
"USEP","15-Feb-2024","3","103.13","0.00","5613.809","-","0.000"
"USEP","15-Feb-2024","4","98.16","0.00","5542.196","-","0.000"
"USEP","15-Feb-2024","5","92.93","0.00","5488.182","-","0.000"
"USEP","15-Feb-2024","6","88.17","0.00","5442.279","-","0.000"
"USEP","15-Feb-2024","7","84.10","0.00","5407.459","-","0.000"
"USEP","15-Feb-2024","8","69.76","0.00","5390.149","-","0.000"
"USEP","15-Feb-2024","9","69.76","0.00","5392.694","-","0.000"
"USEP","15-Feb-2024","10","88.18","0.00","5438.477","-","0.000"
"USEP","15-Feb-2024","11","97.49","0.00","5532.524","-","0.000"
"USEP","15-Feb-2024","12","113.19","0.00","5702.320","-","0.000"
"USEP","15-Feb-2024","13","123.11","0.00","5883.029","-","0.000"
"USEP","15-Feb-2024","14","125.60","0.00","6054.837","-","0.000"
"USEP","15-Feb-2024","15","132.41","0.00","6233.603","-","0.000"
"USEP","15-Feb-2024","16","125.63","0.00","6418.104","-","0.000"
"USEP","15-Feb-2024","17","129.74","0.00","6561.354","-","0.000"
"USEP","15-Feb-2024","18","131.61","0.00","6621.720","-","0.000"
"USEP","15-Feb-2024","19","125.69","0.00","6631.019","-","0.000"
"USEP","15-Feb-2024","20","125.73","0.00","6635.864","-","0.000"
"USEP","15-Feb-2024","21","125.70","0.00","6633.717","-","0.000"
"USEP","15-Feb-2024","22","125.78","0.00","6686.588","-","0.000"
"USEP","15-Feb-2024","23","125.71","0.00","6664.089","-","0.000"
"USEP","15-Feb-2024","24","125.77","0.00","6680.803","-","0.000"
"USEP","15-Feb-2024","25","133.69","0.00","6725.434","-","0.000"
"USEP","15-Feb-2024","26","133.91","0.00","6773.524","-","0.000"
"USEP","15-Feb-2024","27","133.82","0.00","6764.165","-","0.000"
"USEP","15-Feb-2024","28","133.79","0.00","6778.911","-","0.000"
"USEP","15-Feb-2024","29","134.02","0.00","6772.380","-","0.000"
"USEP","15-Feb-2024","30","143.34","0.00","6829.242","-","0.000"
"USEP","15-Feb-2024","31","133.99","0.00","6768.847","-","0.000"
"USEP","15-Feb-2024","32","153.18","0.00","6834.421","-","0.000"
"USEP","15-Feb-2024","33","140.96","0.00","6842.308","-","0.000"
"USEP","15-Feb-2024","34","176.68","0.00","6936.127","-","0.000"
"USEP","15-Feb-2024","35","233.85","0.00","7026.263","-","0.000"
"USEP","15-Feb-2024","36","162.46","0.00","6906.138","-","0.000"
"USEP","15-Feb-2024","37","138.50","0.00","6780.268","-","0.000"
"USEP","15-Feb-2024","38","134.04","0.00","6749.643","-","0.000"
"USEP","15-Feb-2024","39","143.48","0.00","6788.349","-","0.000"
"USEP","15-Feb-2024","40","181.68","0.00","6816.857","-","0.000"
"USEP","15-Feb-2024","41","183.62","0.00","6820.977","-","0.000"
"USEP","15-Feb-2024","42","160.70","0.00","6777.495","-","0.000"
"USEP","15-Feb-2024","43","134.06","0.00","6691.956","-","0.000"
"USEP","15-Feb-2024","44","133.73","0.00","6550.405","-","0.000"
"USEP","15-Feb-2024","45","125.74","0.00","6393.557","-","0.000"
"USEP","15-Feb-2024","46","123.25","0.00","6252.071","-","0.000"
"USEP","15-Feb-2024","47","111.20","0.00","6114.213","-","0.000"
"USEP","15-Feb-2024","48","100.13","0.00","5915.716","-","0.000"
"USEP","16-Feb-2024","1","99.97","0.00","5722.259","-","0.000"
"USEP","16-Feb-2024","2","88.21","0.00","5609.306","-","0.000"
"USEP","16-Feb-2024","3","88.20","0.00","5589.670","-","0.000"
"USEP","16-Feb-2024","4","74.76","0.00","5513.827","-","0.000"
"USEP","16-Feb-2024","5","59.82","0.00","5459.043","-","0.000"
"USEP","16-Feb-2024","6","57.81","0.00","5422.325","-","0.000"
"USEP","16-Feb-2024","7","57.81","0.00","5402.211","-","0.000"
"USEP","16-Feb-2024","8","55.60","0.00","5388.618","-","0.000"
"USEP","16-Feb-2024","9","55.60","0.00","5388.385","-","0.000"
"USEP","16-Feb-2024","10","59.82","0.00","5434.352","-","0.000"
"USEP","16-Feb-2024","11","87.97","0.00","5530.482","-","0.000"
"USEP","16-Feb-2024","12","106.78","0.00","5695.680","-","0.000"
"USEP","16-Feb-2024","13","111.60","0.00","5877.323","-","0.000"
"USEP","16-Feb-2024","14","123.15","0.00","6047.705","-","0.000"
"USEP","16-Feb-2024","15","123.20","0.00","6241.535","-","0.000"
"USEP","16-Feb-2024","16","125.61","0.00","6426.220","-","0.000"
"USEP","16-Feb-2024","17","125.68","0.00","6559.848","-","0.000"
"USEP","16-Feb-2024","18","125.70","0.00","6606.601","-","0.000"
"USEP","16-Feb-2024","19","125.69","0.00","6651.803","-","0.000"
"USEP","16-Feb-2024","20","128.32","0.00","6678.626","-","0.000"
"USEP","16-Feb-2024","21","130.86","0.00","6695.355","-","0.000"
"USEP","16-Feb-2024","22","129.76","0.00","6687.304","-","0.000"
"USEP","16-Feb-2024","23","125.77","0.00","6652.096","-","0.000"
"USEP","16-Feb-2024","24","124.35","0.00","6594.673","-","0.000"
"USEP","16-Feb-2024","25","124.45","0.00","6568.938","-","0.000"
"USEP","16-Feb-2024","26","125.77","0.00","6632.142","-","0.000"
"USEP","16-Feb-2024","27","124.33","0.00","6608.728","-","0.000"
"USEP","16-Feb-2024","28","123.28","0.00","6598.416","-","0.000"
"USEP","16-Feb-2024","29","118.25","0.00","6582.169","-","0.000"
"USEP","16-Feb-2024","30","125.35","0.00","6681.941","-","0.000"
"USEP","16-Feb-2024","31","134.04","0.00","6865.821","-","0.000"
"USEP","16-Feb-2024","32","134.05","0.00","6875.418","-","0.000"
"USEP","16-Feb-2024","33","134.04","0.00","6887.148","-","0.000"
"USEP","16-Feb-2024","34","152.90","0.00","6976.757","-","0.000"
"USEP","16-Feb-2024","35","141.03","0.00","6960.694","-","0.000"
"USEP","16-Feb-2024","36","133.75","0.00","6796.619","-","0.000"
"USEP","16-Feb-2024","37","133.84","0.00","6743.738","-","0.000"
"USEP","16-Feb-2024","38","133.94","0.00","6778.697","-","0.000"
"USEP","16-Feb-2024","39","141.02","0.00","6830.823","-","0.000"
"USEP","16-Feb-2024","40","151.13","0.00","6844.942","-","0.000"
"USEP","16-Feb-2024","41","151.03","0.00","6828.372","-","0.000"
"USEP","16-Feb-2024","42","141.01","0.00","6764.220","-","0.000"
"USEP","16-Feb-2024","43","133.96","0.00","6665.933","-","0.000"
"USEP","16-Feb-2024","44","131.99","0.00","6516.589","-","0.000"
"USEP","16-Feb-2024","45","125.75","0.00","6359.930","-","0.000"
"USEP","16-Feb-2024","46","123.24","0.00","6223.444","-","0.000"
"USEP","16-Feb-2024","47","111.97","0.00","6101.033","-","0.000"
"USEP","16-Feb-2024","48","111.95","0.00","5973.642","-","0.000"
"USEP","17-Feb-2024","1","85.38","0.00","5847.483","-","0.000"
"USEP","17-Feb-2024","2","85.23","0.00","5737.776","-","0.000"
"USEP","17-Feb-2024","3","85.21","0.00","5669.846","-","0.000"
"USEP","17-Feb-2024","4","84.09","0.00","5593.163","-","0.000"
"USEP","17-Feb-2024","5","72.37","0.00","5522.008","-","0.000"
"USEP","17-Feb-2024","6","69.82","0.00","5469.689","-","0.000"
"USEP","17-Feb-2024","7","54.60","0.00","5406.038","-","0.000"
"USEP","17-Feb-2024","8","53.78","0.00","5367.302","-","0.000"
"USEP","17-Feb-2024","9","54.60","0.00","5369.861","-","0.000"
"USEP","17-Feb-2024","10","69.75","0.00","5418.135","-","0.000"
"USEP","17-Feb-2024","11","69.81","0.00","5450.365","-","0.000"
"USEP","17-Feb-2024","12","69.83","0.00","5519.389","-","0.000"
"USEP","17-Feb-2024","13","84.08","0.00","5615.315","-","0.000"
"USEP","17-Feb-2024","14","85.28","0.00","5704.168","-","0.000"
"USEP","17-Feb-2024","15","88.21","0.00","5797.913","-","0.000"
"USEP","17-Feb-2024","16","92.25","0.00","5924.797","-","0.000"
"USEP","17-Feb-2024","17","91.62","0.00","6044.971","-","0.000"
"USEP","17-Feb-2024","18","92.43","0.00","6105.024","-","0.000"
"USEP","17-Feb-2024","19","93.00","0.00","6154.724","-","0.000"
"USEP","17-Feb-2024","20","90.15","0.00","6145.445","-","0.000"
"USEP","17-Feb-2024","21","87.92","0.00","6100.188","-","0.000"
"USEP","17-Feb-2024","22","84.32","0.00","6068.942","-","0.000"
"USEP","17-Feb-2024","23","84.57","0.00","6084.851","-","0.000"
"USEP","17-Feb-2024","24","83.05","0.00","6018.108","-","0.000"
"USEP","17-Feb-2024","25","81.27","0.00","5969.363","-","0.000"
"USEP","17-Feb-2024","26","84.18","0.00","6015.126","-","0.000"
"USEP","17-Feb-2024","27","87.93","0.00","6106.445","-","0.000"
"USEP","17-Feb-2024","28","88.27","0.00","6124.496","-","0.000"
"USEP","17-Feb-2024","29","88.24","0.00","6138.353","-","0.000"
"USEP","17-Feb-2024","30","88.28","0.00","6140.733","-","0.000"
"USEP","17-Feb-2024","31","88.44","0.00","6139.277","-","0.000"
"USEP","17-Feb-2024","32","89.23","0.00","6154.068","-","0.000"
"USEP","17-Feb-2024","33","87.92","0.00","6079.115","-","0.000"
"USEP","17-Feb-2024","34","93.01","0.00","6109.025","-","0.000"
"USEP","17-Feb-2024","35","94.73","0.00","6179.017","-","0.000"
"USEP","17-Feb-2024","36","105.50","0.00","6263.264","-","0.000"
"USEP","17-Feb-2024","37","126.71","0.00","6328.102","-","0.000"
"USEP","17-Feb-2024","38","126.72","0.00","6355.785","-","0.000"
"USEP","17-Feb-2024","39","133.66","0.00","6410.107","-","0.000"
"USEP","17-Feb-2024","40","133.97","0.00","6452.904","-","0.000"
"USEP","17-Feb-2024","41","133.96","0.00","6474.339","-","0.000"
"USEP","17-Feb-2024","42","133.97","0.00","6468.013","-","0.000"
"USEP","17-Feb-2024","43","133.77","0.00","6434.281","-","0.000"
"USEP","17-Feb-2024","44","126.72","0.00","6338.644","-","0.000"
"USEP","17-Feb-2024","45","111.80","0.00","6226.754","-","0.000"
"USEP","17-Feb-2024","46","93.40","0.00","6131.305","-","0.000"
"USEP","17-Feb-2024","47","91.86","0.00","6029.942","-","0.000"
"USEP","17-Feb-2024","48","88.37","0.00","5921.929","-","0.000"
"USEP","18-Feb-2024","1","98.68","0.00","5802.455","-","0.000"
"USEP","18-Feb-2024","2","95.21","0.00","5695.212","-","0.000"
"USEP","18-Feb-2024","3","94.44","0.00","5610.847","-","0.000"
"USEP","18-Feb-2024","4","92.71","0.00","5547.857","-","0.000"
"USEP","18-Feb-2024","5","91.91","0.00","5488.316","-","0.000"
"USEP","18-Feb-2024","6","88.39","0.00","5432.647","-","0.000"
"USEP","18-Feb-2024","7","87.73","0.00","5386.943","-","0.000"
"USEP","18-Feb-2024","8","86.01","0.00","5358.142","-","0.000"
"USEP","18-Feb-2024","9","86.00","0.00","5344.435","-","0.000"
"USEP","18-Feb-2024","10","86.00","0.00","5351.741","-","0.000"
"USEP","18-Feb-2024","11","81.05","0.00","5381.943","-","0.000"
"USEP","18-Feb-2024","12","84.11","0.00","5448.924","-","0.000"
"USEP","18-Feb-2024","13","85.87","0.00","5514.896","-","0.000"
"USEP","18-Feb-2024","14","85.95","0.00","5571.261","-","0.000"
"USEP","18-Feb-2024","15","90.43","0.00","5621.781","-","0.000"
"USEP","18-Feb-2024","16","91.57","0.00","5691.182","-","0.000"
"USEP","18-Feb-2024","17","91.03","0.00","5758.381","-","0.000"
"USEP","18-Feb-2024","18","87.07","0.00","5773.783","-","0.000"
"USEP","18-Feb-2024","19","85.97","0.00","5774.732","-","0.000"
"USEP","18-Feb-2024","20","81.44","0.00","5783.927","-","0.000"
"USEP","18-Feb-2024","21","81.65","0.00","5811.466","-","0.000"
"USEP","18-Feb-2024","22","70.09","0.00","5819.954","-","0.000"
"USEP","18-Feb-2024","23","60.23","0.00","5765.608","-","0.000"
"USEP","18-Feb-2024","24","55.12","0.00","5707.528","-","0.000"
"USEP","18-Feb-2024","25","49.94","0.00","5680.481","-","0.000"
"USEP","18-Feb-2024","26","49.79","0.00","5640.821","-","0.000"
"USEP","18-Feb-2024","27","49.78","0.00","5644.051","-","0.000"
"USEP","18-Feb-2024","28","58.23","0.00","5719.680","-","0.000"
"USEP","18-Feb-2024","29","64.25","0.00","5800.999","-","0.000"
"USEP","18-Feb-2024","30","86.14","0.00","5890.772","-","0.000"
"USEP","18-Feb-2024","31","89.68","0.00","5926.213","-","0.000"
"USEP","18-Feb-2024","32","92.12","0.00","5981.460","-","0.000"
"USEP","18-Feb-2024","33","102.42","0.00","6092.942","-","0.000"
"USEP","18-Feb-2024","34","123.78","0.00","6200.388","-","0.000"
"USEP","18-Feb-2024","35","133.55","0.00","6282.075","-","0.000"
"USEP","18-Feb-2024","36","133.82","0.00","6309.400","-","0.000"
"USEP","18-Feb-2024","37","133.95","0.00","6394.014","-","0.000"
"USEP","18-Feb-2024","38","152.34","0.00","6491.784","-","0.000"
"USEP","18-Feb-2024","39","172.34","0.00","6558.019","-","0.000"
"USEP","18-Feb-2024","40","181.15","0.00","6582.531","-","0.000"
"USEP","18-Feb-2024","41","183.53","0.00","6584.554","-","0.000"
"USEP","18-Feb-2024","42","203.11","0.00","6603.271","-","0.000"
"USEP","18-Feb-2024","43","191.64","0.00","6577.373","-","0.000"
"USEP","18-Feb-2024","44","152.37","0.00","6471.044","-","0.000"
"USEP","18-Feb-2024","45","133.97","0.00","6335.433","-","0.000"
"USEP","18-Feb-2024","46","133.65","0.00","6208.449","-","0.000"
"USEP","18-Feb-2024","47","115.04","0.00","6087.455","-","0.000"
"USEP","18-Feb-2024","48","108.26","0.00","5972.181","-","0.000"
"USEP","19-Feb-2024","1","113.03","0.00","5861.603","-","0.000"
"USEP","19-Feb-2024","2","100.40","0.00","5752.392","-","0.000"
"USEP","19-Feb-2024","3","94.53","0.00","5654.285","-","0.000"
"USEP","19-Feb-2024","4","96.22","0.00","5590.743","-","0.000"
"USEP","19-Feb-2024","5","85.53","0.00","5534.473","-","0.000"
"USEP","19-Feb-2024","6","93.19","0.00","5482.899","-","0.000"
"USEP","19-Feb-2024","7","92.18","0.00","5457.393","-","0.000"
"USEP","19-Feb-2024","8","85.34","0.00","5437.836","-","0.000"
"USEP","19-Feb-2024","9","88.64","0.00","5432.061","-","0.000"
"USEP","19-Feb-2024","10","92.19","0.00","5475.618","-","0.000"
"USEP","19-Feb-2024","11","92.97","0.00","5581.842","-","0.000"
"USEP","19-Feb-2024","12","113.21","0.00","5765.150","-","0.000"
"USEP","19-Feb-2024","13","102.42","0.00","5958.876","-","0.000"
"USEP","19-Feb-2024","14","133.69","0.00","6118.940","-","0.000"
"USEP","19-Feb-2024","15","133.62","0.00","6311.984","-","0.000"
"USEP","19-Feb-2024","16","136.96","0.00","6516.530","-","0.000"
"USEP","19-Feb-2024","17","133.99","0.00","6662.722","-","0.000"
"USEP","19-Feb-2024","18","141.89","0.00","6730.439","-","0.000"
"USEP","19-Feb-2024","19","133.91","0.00","6797.350","-","0.000"
"USEP","19-Feb-2024","20","134.02","0.00","6835.316","-","0.000"
"USEP","19-Feb-2024","21","134.05","0.00","6846.423","-","0.000"
"USEP","19-Feb-2024","22","133.94","0.00","6810.421","-","0.000"
"USEP","19-Feb-2024","23","133.91","0.00","6784.701","-","0.000"
"USEP","19-Feb-2024","24","129.72","0.00","6697.209","-","0.000"
"USEP","19-Feb-2024","25","124.30","0.00","6619.926","-","0.000"
"USEP","19-Feb-2024","26","123.07","0.00","6624.140","-","0.000"
"USEP","19-Feb-2024","27","115.05","0.00","6640.591","-","0.000"
"USEP","19-Feb-2024","28","126.33","0.00","6710.340","-","0.000"
"USEP","19-Feb-2024","29","129.70","0.00","6791.356","-","0.000"
"USEP","19-Feb-2024","30","133.99","0.00","6895.388","-","0.000"
"USEP","19-Feb-2024","31","133.97","0.00","6912.365","-","0.000"
"USEP","19-Feb-2024","32","152.46","0.00","7043.211","-","0.000"
"USEP","19-Feb-2024","33","152.42","0.00","7100.490","-","0.000"
"USEP","19-Feb-2024","34","154.48","0.00","7132.184","-","0.000"
"USEP","19-Feb-2024","35","142.01","0.00","7094.849","-","0.000"
"USEP","19-Feb-2024","36","138.54","0.00","7065.725","-","0.000"
"USEP","19-Feb-2024","37","134.02","0.00","7007.546","-","0.000"
"USEP","19-Feb-2024","38","138.58","0.00","7043.732","-","0.000"
"USEP","19-Feb-2024","39","147.72","0.00","7064.597","-","0.000"
"USEP","19-Feb-2024","40","164.68","0.00","7058.652","-","0.000"
"USEP","19-Feb-2024","41","199.31","0.00","7007.283","-","0.000"
"USEP","19-Feb-2024","42","202.93","0.00","6953.159","-","0.000"
"USEP","19-Feb-2024","43","133.83","0.00","6854.540","-","0.000"
"USEP","19-Feb-2024","44","133.74","0.00","6722.119","-","0.000"
"USEP","19-Feb-2024","45","147.04","0.00","6575.867","-","0.000"
"USEP","19-Feb-2024","46","133.89","0.00","6450.344","-","0.000"
"USEP","19-Feb-2024","47","126.70","0.00","6310.156","-","0.000"
"USEP","19-Feb-2024","48","133.74","0.00","6183.704","-","0.000"
"USEP","20-Feb-2024","1","133.73","0.00","6034.658","-","0.000"
"USEP","20-Feb-2024","2","115.55","0.00","5911.179","-","0.000"
"USEP","20-Feb-2024","3","103.61","0.00","5804.026","-","0.000"
"USEP","20-Feb-2024","4","98.33","0.00","5738.253","-","0.000"
"USEP","20-Feb-2024","5","91.18","0.00","5676.823","-","0.000"
"USEP","20-Feb-2024","6","84.87","0.00","5624.624","-","0.000"
"USEP","20-Feb-2024","7","84.15","0.00","5587.801","-","0.000"
"USEP","20-Feb-2024","8","80.48","0.00","5560.232","-","0.000"
"USEP","20-Feb-2024","9","84.03","0.00","5570.416","-","0.000"
"USEP","20-Feb-2024","10","84.85","0.00","5610.295","-","0.000"
"USEP","20-Feb-2024","11","99.36","0.00","5726.926","-","0.000"
"USEP","20-Feb-2024","12","110.80","0.00","5892.919","-","0.000"
"USEP","20-Feb-2024","13","125.04","0.00","6114.874","-","0.000"
"USEP","20-Feb-2024","14","126.72","0.00","6267.006","-","0.000"
"USEP","20-Feb-2024","15","133.85","0.00","6443.868","-","0.000"
"USEP","20-Feb-2024","16","152.74","0.00","6627.157","-","0.000"
"USEP","20-Feb-2024","17","146.44","0.00","6759.707","-","0.000"
"USEP","20-Feb-2024","18","137.22","0.00","6811.325","-","0.000"
"USEP","20-Feb-2024","19","134.19","0.00","6852.532","-","0.000"
"USEP","20-Feb-2024","20","135.36","0.00","6868.436","-","0.000"
"USEP","20-Feb-2024","21","141.55","0.00","6883.097","-","0.000"
"USEP","20-Feb-2024","22","134.00","0.00","6833.631","-","0.000"
"USEP","20-Feb-2024","23","133.79","0.00","6787.246","-","0.000"
"USEP","20-Feb-2024","24","131.89","0.00","6705.315","-","0.000"
"USEP","20-Feb-2024","25","133.78","0.00","6694.699","-","0.000"
"USEP","20-Feb-2024","26","127.47","0.00","6679.665","-","0.000"
"USEP","20-Feb-2024","27","133.76","0.00","6709.420","-","0.000"
"USEP","20-Feb-2024","28","133.88","0.00","6701.071","-","0.000"
"USEP","20-Feb-2024","29","133.97","0.00","6726.647","-","0.000"
"USEP","20-Feb-2024","30","134.20","0.00","6771.446","-","0.000"
"USEP","20-Feb-2024","31","154.68","0.00","6934.263","-","0.000"
"USEP","20-Feb-2024","32","233.74","0.00","6989.182","-","0.000"
"USEP","20-Feb-2024","33","233.89","0.00","7037.083","-","0.000"
"USEP","20-Feb-2024","34","233.81","0.00","7021.720","-","0.000"
"USEP","20-Feb-2024","35","203.23","0.00","7010.130","-","0.000"
"USEP","20-Feb-2024","36","154.85","0.00","6997.000","-","0.000"
"USEP","20-Feb-2024","37","233.83","0.00","7001.547","-","0.000"
"USEP","20-Feb-2024","38","184.49","0.00","7045.944","-","0.000"
"USEP","20-Feb-2024","39","337.52","0.00","7067.708","-","0.000"
"USEP","20-Feb-2024","40","253.99","0.00","7047.390","-","0.000"
"USEP","20-Feb-2024","41","233.86","0.00","7005.876","-","0.000"
"USEP","20-Feb-2024","42","233.82","0.00","6954.650","-","0.000"
"USEP","20-Feb-2024","43","158.89","0.00","6862.795","-","0.000"
"USEP","20-Feb-2024","44","146.97","0.00","6725.280","-","0.000"
"USEP","20-Feb-2024","45","153.30","0.00","6576.160","-","0.000"
"USEP","20-Feb-2024","46","151.75","0.00","6471.020","-","0.000"
"USEP","20-Feb-2024","47","135.45","0.00","6343.643","-","0.000"
"USEP","20-Feb-2024","48","141.98","0.00","6274.913","-","0.000"
"USEP","21-Feb-2024","1","154.55","0.00","6173.828","-","0.000"
"USEP","21-Feb-2024","2","145.24","0.00","6048.535","-","0.000"
"USEP","21-Feb-2024","3","141.80","0.00","5858.815","-","0.000"
"USEP","21-Feb-2024","4","139.50","0.00","5792.639","-","0.000"
"USEP","21-Feb-2024","5","139.30","0.00","5737.880","-","0.000"
"USEP","21-Feb-2024","6","121.28","0.00","5677.226","-","0.000"
"USEP","21-Feb-2024","7","121.29","0.00","5642.193","-","0.000"
"USEP","21-Feb-2024","8","113.91","0.00","5615.320","-","0.000"
"USEP","21-Feb-2024","9","119.85","0.00","5632.486","-","0.000"
"USEP","21-Feb-2024","10","122.66","0.00","5677.122","-","0.000"
"USEP","21-Feb-2024","11","116.32","0.00","5782.014","-","0.000"
"USEP","21-Feb-2024","12","139.38","0.00","5961.778","-","0.000"
"USEP","21-Feb-2024","13","139.39","0.00","6144.714","-","0.000"
"USEP","21-Feb-2024","14","152.29","0.00","6322.909","-","0.000"
"USEP","21-Feb-2024","15","151.60","0.00","6474.414","-","0.000"
"USEP","21-Feb-2024","16","164.54","0.00","6663.905","-","0.000"
"USEP","21-Feb-2024","17","152.40","0.00","6797.270","-","0.000"
"USEP","21-Feb-2024","18","153.71","0.00","6848.978","-","0.000"
"USEP","21-Feb-2024","19","152.40","0.00","6874.936","-","0.000"
"USEP","21-Feb-2024","20","140.24","0.00","6839.580","-","0.000"
"USEP","21-Feb-2024","21","139.75","0.00","6837.194","-","0.000"
"USEP","21-Feb-2024","22","139.73","0.00","6843.571","-","0.000"
"USEP","21-Feb-2024","23","141.99","0.00","6875.021","-","0.000"
"USEP","21-Feb-2024","24","139.64","0.00","6816.186","-","0.000"
"USEP","21-Feb-2024","25","139.46","0.00","6731.487","-","0.000"
"USEP","21-Feb-2024","26","139.58","0.00","6766.357","-","0.000"
"USEP","21-Feb-2024","27","139.67","0.00","6795.049","-","0.000"
"USEP","21-Feb-2024","28","139.56","0.00","6784.055","-","0.000"
"USEP","21-Feb-2024","29","139.65","0.00","6805.242","-","0.000"
"USEP","21-Feb-2024","30","142.00","0.00","6865.379","-","0.000"
"USEP","21-Feb-2024","31","202.69","0.00","7057.012","-","0.000"
"USEP","21-Feb-2024","32","203.38","0.00","7094.223","-","0.000"
"USEP","21-Feb-2024","33","234.13","0.00","7134.490","-","0.000"
"USEP","21-Feb-2024","34","234.13","0.00","7138.471","-","0.000"
"USEP","21-Feb-2024","35","233.95","0.00","7147.914","-","0.000"
"USEP","21-Feb-2024","36","233.87","0.00","7142.849","-","0.000"
"USEP","21-Feb-2024","37","253.92","0.00","7146.224","-","0.000"
"USEP","21-Feb-2024","38","233.82","0.00","7097.985","-","0.000"
"USEP","21-Feb-2024","39","253.89","0.00","7058.185","14.27","0.000"
"USEP","21-Feb-2024","40","233.88","0.00","7008.992","0.00","0.000"
"USEP","21-Feb-2024","41","253.89","0.00","6979.247","0.00","0.000"
"USEP","21-Feb-2024","42","233.88","0.00","6944.233","0.00","0.000"
"USEP","21-Feb-2024","43","374.36","0.00","6884.350","0.00","0.000"
"USEP","21-Feb-2024","44","233.82","0.00","6732.973","0.00","0.000"
"USEP","21-Feb-2024","45","201.78","0.00","6578.347","0.00","0.000"
"USEP","21-Feb-2024","46","152.76","0.00","6453.555","0.00","0.000"
"USEP","21-Feb-2024","47","147.44","0.00","6312.586","0.00","0.000"
"USEP","21-Feb-2024","48","139.40","0.00","6114.715","0.00","0.000"
"USEP","22-Feb-2024","1","114.91","0.00","5912.983","0.00","0.000"
"USEP","22-Feb-2024","2","101.36","0.00","5807.490","0.00","0.000"
"USEP","22-Feb-2024","3","102.39","0.00","5789.205","0.00","0.000"
"USEP","22-Feb-2024","4","101.33","0.00","5708.462","0.00","0.000"
"USEP","22-Feb-2024","5","99.97","0.00","5655.935","0.00","0.000"
"USEP","22-Feb-2024","6","88.54","0.00","5584.212","0.00","0.000"
"USEP","22-Feb-2024","7","93.60","0.00","5577.215","0.00","0.000"
"USEP","22-Feb-2024","8","84.20","0.00","5539.095","0.00","0.000"
"USEP","22-Feb-2024","9","84.81","0.00","5545.496","0.00","0.000"
"USEP","22-Feb-2024","10","94.08","0.00","5569.069","0.00","0.000"
"USEP","22-Feb-2024","11","98.86","0.00","5658.991","0.00","0.000"
"USEP","22-Feb-2024","12","141.76","0.00","5836.833","0.00","0.000"
"USEP","22-Feb-2024","13","126.60","0.00","6025.827","0.00","0.000"
"USEP","22-Feb-2024","14","141.80","0.00","6197.471","0.00","0.000"
"USEP","22-Feb-2024","15","141.92","0.00","6368.866","1.04","0.000"
"USEP","22-Feb-2024","16","152.97","0.00","6599.350","6.81","0.000"
"USEP","22-Feb-2024","17","151.60","0.00","6806.902","16.29","0.000"
"USEP","22-Feb-2024","18","154.23","0.00","6911.034","62.85","0.000"
"USEP","22-Feb-2024","19","150.34","0.00","6923.111","134.50","0.000"
"USEP","22-Feb-2024","20","150.24","0.00","6853.039","265.78","0.000"
"USEP","22-Feb-2024","21","137.70","0.00","6816.106","357.46","0.000"
"USEP","22-Feb-2024","22","126.75","0.00","6736.209","454.89","0.000"
"USEP","22-Feb-2024","23","125.29","0.00","6704.848","482.75","0.000"
"USEP","22-Feb-2024","24","132.17","0.00","6765.581","382.30","0.000"
"USEP","22-Feb-2024","25","124.51","0.00","6676.360","457.22","0.000"
"USEP","22-Feb-2024","26","121.09","0.00","6630.353","508.98","0.000"
"USEP","22-Feb-2024","27","147.92","0.00","6799.537","402.46","0.000"
"USEP","22-Feb-2024","28","141.21","0.00","6787.271","439.15","0.000"
"USEP","22-Feb-2024","29","142.07","0.00","6808.567","462.79","0.000"
"USEP","22-Feb-2024","30","132.20","0.00","6765.850","487.31","0.000"
"USEP","22-Feb-2024","31","131.89","0.00","6738.033","514.17","0.000"
"USEP","22-Feb-2024","32","150.16","0.00","6824.456","450.70","0.000"
"USEP","22-Feb-2024","33","150.46","0.00","6908.166","367.62","0.000"
"USEP","22-Feb-2024","34","150.89","0.00","6944.735","314.18","0.000"
"USEP","22-Feb-2024","35","158.44","0.00","7041.859","177.54","0.000"
"USEP","22-Feb-2024","36","169.24","0.00","7068.458","92.03","0.000"
"USEP","22-Feb-2024","37","153.09","0.00","6988.600","78.90","0.000"
"USEP","22-Feb-2024","38","154.37","0.00","6996.269","37.09","0.000"
"USEP","22-Feb-2024","39","169.14","0.00","7021.874","12.19","0.000"
"USEP","22-Feb-2024","40","274.20","0.00","6975.619","0.00","0.000"
"USEP","22-Feb-2024","41","233.85","0.00","6902.982","0.00","0.000"
"USEP","22-Feb-2024","42","411.91","0.00","6875.110","0.00","0.000"
"USEP","22-Feb-2024","43","369.39","0.00","6807.235","0.00","0.000"
"USEP","22-Feb-2024","44","233.86","0.00","6670.590","0.00","0.000"
"USEP","22-Feb-2024","45","233.81","0.00","6524.735","0.00","0.000"
"USEP","22-Feb-2024","46","164.57","0.00","6390.769","0.00","0.000"
"USEP","22-Feb-2024","47","151.11","0.00","6259.094","0.00","0.000"
"USEP","22-Feb-2024","48","150.41","0.00","6167.159","0.00","0.000"
"USEP","23-Feb-2024","1","172.35","0.00","6132.781","0.00","0.000"
"USEP","23-Feb-2024","2","172.29","0.00","6083.494","0.00","0.000"
"USEP","23-Feb-2024","3","150.29","0.00","5952.649","0.00","0.000"
"USEP","23-Feb-2024","4","126.67","0.00","5860.872","0.00","0.000"
"USEP","23-Feb-2024","5","116.35","0.00","5770.394","0.00","0.000"
"USEP","23-Feb-2024","6","104.19","0.00","5698.965","0.00","0.000"
"USEP","23-Feb-2024","7","106.04","0.00","5659.806","0.00","0.000"
"USEP","23-Feb-2024","8","113.23","0.00","5631.134","0.00","0.000"
"USEP","23-Feb-2024","9","104.08","0.00","5623.351","0.00","0.000"
"USEP","23-Feb-2024","10","105.00","0.00","5643.619","0.00","0.000"
"USEP","23-Feb-2024","11","104.19","0.00","5740.231","0.00","0.000"
"USEP","23-Feb-2024","12","126.19","0.00","5911.661","0.00","0.000"
"USEP","23-Feb-2024","13","126.95","0.00","6099.790","0.00","0.000"
"USEP","23-Feb-2024","14","141.81","0.00","6262.483","0.00","0.000"
"USEP","23-Feb-2024","15","150.20","0.00","6451.855","1.51","0.000"
"USEP","23-Feb-2024","16","154.15","0.00","6677.881","7.94","0.000"
"USEP","23-Feb-2024","17","166.89","0.00","6903.300","17.15","0.000"
"USEP","23-Feb-2024","18","202.74","0.00","7019.717","56.62","0.000"
"USEP","23-Feb-2024","19","172.38","0.00","7031.765","122.12","0.000"
"USEP","23-Feb-2024","20","164.59","0.00","7007.476","211.33","0.000"
"USEP","23-Feb-2024","21","164.61","0.00","7008.083","280.98","0.000"
"USEP","23-Feb-2024","22","150.46","0.00","6896.307","415.26","0.000"
"USEP","23-Feb-2024","23","150.26","0.00","6801.450","514.30","0.000"
"USEP","23-Feb-2024","24","141.76","0.00","6726.850","556.97","0.000"
"USEP","23-Feb-2024","25","135.38","0.00","6684.009","573.26","0.000"
"USEP","23-Feb-2024","26","150.22","0.00","6745.861","539.32","0.000"
"USEP","23-Feb-2024","27","150.23","0.00","6770.711","577.44","0.000"
"USEP","23-Feb-2024","28","153.24","0.00","6947.374","442.99","0.000"
"USEP","23-Feb-2024","29","172.39","0.00","7024.146","363.23","0.000"
"USEP","23-Feb-2024","30","171.62","0.00","7019.553","379.79","0.000"
"USEP","23-Feb-2024","31","205.19","0.00","7082.250","321.63","0.000"
"USEP","23-Feb-2024","32","233.84","0.00","7109.441","296.88","0.000"
"USEP","23-Feb-2024","33","166.95","0.00","7025.721","287.49","0.000"
"USEP","23-Feb-2024","34","203.22","0.00","7079.417","238.20","0.000"
"USEP","23-Feb-2024","35","203.25","0.00","7076.122","195.43","0.000"
"USEP","23-Feb-2024","36","203.06","0.00","7063.394","116.71","0.000"
"USEP","23-Feb-2024","37","153.13","0.00","6938.294","137.97","0.000"
"USEP","23-Feb-2024","38","187.49","0.00","6999.087","60.56","0.000"
"USEP","23-Feb-2024","39","203.01","0.00","7034.135","14.99","0.000"
"USEP","23-Feb-2024","40","188.82","0.00","6989.420","0.00","0.000"
"USEP","23-Feb-2024","41","189.72","0.00","6930.546","0.00","0.000"
"USEP","23-Feb-2024","42","193.67","0.00","6894.911","0.00","0.000"
"USEP","23-Feb-2024","43","202.86","0.00","6834.461","0.00","0.000"
"USEP","23-Feb-2024","44","203.14","0.00","6695.390","0.00","0.000"
"USEP","23-Feb-2024","45","181.82","0.00","6573.983","0.00","0.000"
"USEP","23-Feb-2024","46","151.26","0.00","6459.882","0.00","0.000"
"USEP","23-Feb-2024","47","150.43","0.00","6352.545","0.00","0.000"
"USEP","23-Feb-2024","48","150.36","0.00","6267.866","0.00","0.000"
"USEP","24-Feb-2024","1","137.91","0.00","6163.878","0.00","0.000"
"USEP","24-Feb-2024","2","126.66","0.00","6073.688","0.00","0.000"
"USEP","24-Feb-2024","3","114.83","0.00","5945.208","0.00","0.000"
"USEP","24-Feb-2024","4","107.38","0.00","5864.103","0.00","0.000"
"USEP","24-Feb-2024","5","107.07","0.00","5781.109","0.00","0.000"
"USEP","24-Feb-2024","6","102.39","0.00","5719.531","0.00","0.000"
"USEP","24-Feb-2024","7","100.86","0.00","5674.115","0.00","0.000"
"USEP","24-Feb-2024","8","100.86","0.00","5640.861","0.00","0.000"
"USEP","24-Feb-2024","9","100.81","0.00","5625.304","0.00","0.000"
"USEP","24-Feb-2024","10","100.80","0.00","5630.498","0.00","0.000"
"USEP","24-Feb-2024","11","105.85","0.00","5681.888","0.00","0.000"
"USEP","24-Feb-2024","12","120.19","0.00","5766.532","0.00","0.000"
"USEP","24-Feb-2024","13","122.70","0.00","5854.625","0.00","0.000"
"USEP","24-Feb-2024","14","127.22","0.00","5913.604","0.00","0.000"
"USEP","24-Feb-2024","15","141.78","0.00","6002.344","1.31","0.000"
"USEP","24-Feb-2024","16","152.18","0.00","6144.580","7.47","0.000"
"USEP","24-Feb-2024","17","202.76","0.00","6358.563","16.71","0.000"
"USEP","24-Feb-2024","18","233.64","0.00","6431.916","58.13","0.000"
"USEP","24-Feb-2024","19","233.81","0.00","6459.052","151.05","0.000"
"USEP","24-Feb-2024","20","233.59","0.00","6436.309","250.31","0.000"
"USEP","24-Feb-2024","21","196.72","0.00","6392.026","366.81","0.000"
"USEP","24-Feb-2024","22","205.21","0.00","6439.987","353.16","0.000"
"USEP","24-Feb-2024","23","150.42","0.00","6279.322","520.07","0.000"
"USEP","24-Feb-2024","24","171.54","0.00","6354.612","407.88","0.000"
"USEP","24-Feb-2024","25","152.34","0.00","6307.432","419.79","0.000"
"USEP","24-Feb-2024","26","178.34","0.00","6360.149","330.29","0.000"
"USEP","24-Feb-2024","27","203.16","0.00","6410.723","280.06","0.000"
"USEP","24-Feb-2024","28","159.29","0.00","6310.528","356.61","0.000"
"USEP","24-Feb-2024","29","126.69","0.00","6180.334","474.28","0.000"
"USEP","24-Feb-2024","30","126.72","0.00","6242.559","404.89","0.000"
"USEP","24-Feb-2024","31","150.39","0.00","6346.705","279.16","0.000"
"USEP","24-Feb-2024","32","150.48","0.00","6376.749","253.84","0.000"
"USEP","24-Feb-2024","33","130.37","0.00","6269.973","338.88","0.000"
"USEP","24-Feb-2024","34","141.94","0.00","6339.886","235.85","0.000"
"USEP","24-Feb-2024","35","141.91","0.00","6316.144","246.61","0.000"
"USEP","24-Feb-2024","36","158.03","0.00","6416.051","142.58","0.000"
"USEP","24-Feb-2024","37","203.06","0.00","6479.031","99.23","0.000"
"USEP","24-Feb-2024","38","202.91","0.00","6571.786","61.16","0.000"
"USEP","24-Feb-2024","39","325.48","6.61","6644.986","14.82","3.000"
"USEP","24-Feb-2024","40","253.47","0.00","6640.904","0.00","0.000"
"USEP","24-Feb-2024","41","293.96","0.00","6631.153","0.00","0.000"
"USEP","24-Feb-2024","42","308.50","0.00","6647.171","0.00","0.000"
"USEP","24-Feb-2024","43","323.89","0.00","6619.926","0.00","0.000"
"USEP","24-Feb-2024","44","180.22","0.00","6529.009","0.00","0.000"
"USEP","24-Feb-2024","45","152.48","0.00","6433.918","0.00","0.000"
"USEP","24-Feb-2024","46","141.93","0.00","6346.451","0.00","0.000"
"USEP","24-Feb-2024","47","122.71","0.00","6260.908","0.00","0.000"
"USEP","24-Feb-2024","48","100.43","0.00","6056.889","0.00","0.000"
"USEP","25-Feb-2024","1","92.97","0.00","5865.122","0.00","0.000"
"USEP","25-Feb-2024","2","93.19","0.00","5757.904","0.00","0.000"
"USEP","25-Feb-2024","3","102.35","0.00","5782.292","0.00","0.000"
"USEP","25-Feb-2024","4","100.20","0.00","5709.109","0.00","0.000"
"USEP","25-Feb-2024","5","100.21","0.00","5640.190","0.00","0.000"
"USEP","25-Feb-2024","6","98.86","0.00","5583.711","0.00","0.000"
"USEP","25-Feb-2024","7","94.70","0.00","5535.258","0.00","0.000"
"USEP","25-Feb-2024","8","92.71","0.00","5507.332","0.00","0.000"
"USEP","25-Feb-2024","9","92.93","0.00","5490.294","0.00","0.000"
"USEP","25-Feb-2024","10","94.68","0.00","5502.665","0.00","0.000"
"USEP","25-Feb-2024","11","91.65","0.00","5519.687","0.00","0.000"
"USEP","25-Feb-2024","12","92.93","0.00","5586.171","0.00","0.000"
"USEP","25-Feb-2024","13","92.94","0.00","5650.338","0.00","0.000"
"USEP","25-Feb-2024","14","92.88","0.00","5685.422","0.00","0.000"
"USEP","25-Feb-2024","15","94.03","0.00","5710.048","1.69","0.000"
"USEP","25-Feb-2024","16","100.46","0.00","5794.916","7.69","0.000"
"USEP","25-Feb-2024","17","114.78","0.00","5910.896","18.64","0.000"
"USEP","25-Feb-2024","18","112.05","0.00","5972.086","80.21","0.000"
"USEP","25-Feb-2024","19","114.26","0.00","5993.750","159.61","0.000"
"USEP","25-Feb-2024","20","110.21","0.00","5972.683","261.51","0.000"
"USEP","25-Feb-2024","21","97.66","0.00","5989.302","313.67","0.000"
"USEP","25-Feb-2024","22","77.70","0.00","5928.529","409.31","0.000"
"USEP","25-Feb-2024","23","71.66","0.00","5827.126","529.51","0.000"
"USEP","25-Feb-2024","24","63.87","0.00","5827.290","519.74","0.000"
"USEP","25-Feb-2024","25","61.37","0.00","5758.739","556.09","0.000"
"USEP","25-Feb-2024","26","63.11","0.00","5787.933","543.71","0.000"
"USEP","25-Feb-2024","27","61.67","0.00","5776.865","580.02","0.000"
"USEP","25-Feb-2024","28","77.68","0.00","5919.976","463.11","0.000"
"USEP","25-Feb-2024","29","69.93","0.00","5889.152","498.47","0.000"
"USEP","25-Feb-2024","30","63.09","0.00","5816.123","566.72","0.000"
"USEP","25-Feb-2024","31","61.89","0.00","5782.839","602.24","0.000"
"USEP","25-Feb-2024","32","69.86","0.00","5876.950","514.69","0.000"
"USEP","25-Feb-2024","33","70.95","0.00","5891.423","469.46","0.000"
"USEP","25-Feb-2024","34","77.71","0.00","5972.499","423.76","0.000"
"USEP","25-Feb-2024","35","106.72","0.00","6064.265","351.84","0.000"
"USEP","25-Feb-2024","36","117.84","0.00","6181.408","253.74","0.000"
"USEP","25-Feb-2024","37","152.42","0.00","6286.379","173.98","0.000"
"USEP","25-Feb-2024","38","253.27","0.00","6486.993","76.63","0.000"
"USEP","25-Feb-2024","39","377.71","0.00","6621.481","17.59","0.000"
"USEP","25-Feb-2024","40","442.24","0.00","6665.913","0.00","0.000"
"USEP","25-Feb-2024","41","457.27","0.00","6675.068","0.00","0.000"
"USEP","25-Feb-2024","42","536.38","0.00","6681.797","0.00","0.000"
"USEP","25-Feb-2024","43","619.70","0.00","6674.785","0.00","0.000"
"USEP","25-Feb-2024","44","380.11","0.00","6590.608","0.00","0.000"
"USEP","25-Feb-2024","45","233.88","0.00","6488.698","0.00","0.000"
"USEP","25-Feb-2024","46","152.40","0.00","6376.585","0.00","0.000"
"USEP","25-Feb-2024","47","132.00","0.00","6267.617","0.00","0.000"
"USEP","25-Feb-2024","48","122.16","0.00","6129.571","0.00","0.000"
"USEP","26-Feb-2024","1","127.90","0.00","6000.450","0.00","0.000"
"USEP","26-Feb-2024","2","122.10","0.00","5876.294","0.00","0.000"
"USEP","26-Feb-2024","3","120.30","0.00","5789.230","0.00","0.000"
"USEP","26-Feb-2024","4","112.02","0.00","5731.995","0.00","0.000"
"USEP","26-Feb-2024","5","111.31","0.00","5673.210","0.00","0.000"
"USEP","26-Feb-2024","6","100.14","0.00","5603.680","0.00","0.000"
"USEP","26-Feb-2024","7","102.99","0.00","5579.282","0.00","0.000"
"USEP","26-Feb-2024","8","97.20","0.00","5558.224","0.00","0.000"
"USEP","26-Feb-2024","9","94.73","0.00","5554.268","0.00","0.000"
"USEP","26-Feb-2024","10","99.79","0.00","5586.355","0.00","0.000"
"USEP","26-Feb-2024","11","110.08","0.00","5677.430","0.00","0.000"
"USEP","26-Feb-2024","12","120.86","0.00","5860.326","0.00","0.000"
"USEP","26-Feb-2024","13","124.18","0.00","6041.602","0.00","0.000"
"USEP","26-Feb-2024","14","134.14","0.00","6228.021","0.00","0.000"
"USEP","26-Feb-2024","15","150.05","0.00","6418.899","1.97","0.000"
"USEP","26-Feb-2024","16","185.81","0.00","6650.685","7.60","0.000"
"USEP","26-Feb-2024","17","240.04","0.00","6877.710","21.07","0.000"
"USEP","26-Feb-2024","18","273.43","0.00","6967.746","79.99","0.000"
"USEP","26-Feb-2024","19","254.25","0.00","7007.089","168.02","0.000"
"USEP","26-Feb-2024","20","254.18","0.00","6998.953","249.45","0.000"
"USEP","26-Feb-2024","21","254.15","0.00","7037.406","264.09","0.000"
"USEP","26-Feb-2024","22","234.20","0.00","7011.040","321.84","0.000"
"USEP","26-Feb-2024","23","152.40","0.00","6921.987","407.56","0.000"
"USEP","26-Feb-2024","24","150.39","0.00","6877.948","398.53","0.000"
"USEP","26-Feb-2024","25","185.66","0.00","6815.217","436.07","0.000"
"USEP","26-Feb-2024","26","172.45","0.00","6815.073","459.58","0.000"
"USEP","26-Feb-2024","27","156.63","0.00","6814.198","488.88","0.000"
"USEP","26-Feb-2024","28","233.84","0.00","6973.790","381.32","0.000"
"USEP","26-Feb-2024","29","150.45","0.00","6852.507","488.93","0.000"
"USEP","26-Feb-2024","30","146.79","0.00","6769.140","573.87","0.000"
"USEP","26-Feb-2024","31","139.66","0.00","6740.374","576.36","0.000"
"USEP","26-Feb-2024","32","152.41","0.00","6895.825","466.18","0.000"
"USEP","26-Feb-2024","33","150.48","0.00","6930.869","435.51","0.000"
"USEP","26-Feb-2024","34","150.49","0.00","6926.167","399.64","0.000"
"USEP","26-Feb-2024","35","156.69","0.00","6963.378","345.74","0.000"
"USEP","26-Feb-2024","36","164.62","0.00","7012.059","237.94","0.000"
"USEP","26-Feb-2024","37","158.77","0.00","7004.052","167.10","0.000"
"USEP","26-Feb-2024","38","178.18","0.00","7060.273","80.93","0.000"
"USEP","26-Feb-2024","39","205.35","0.00","7122.795","14.51","0.000"
"USEP","26-Feb-2024","40","203.40","0.00","7098.641","0.00","0.000"
"USEP","26-Feb-2024","41","198.62","0.00","7041.794","0.00","0.000"
"USEP","26-Feb-2024","42","203.29","0.00","7007.283","0.00","0.000"
"USEP","26-Feb-2024","43","193.88","0.00","6961.106","0.00","0.000"
"USEP","26-Feb-2024","44","253.91","0.00","6820.291","0.00","0.000"
"USEP","26-Feb-2024","45","233.81","0.00","6672.190","0.00","0.000"
"USEP","26-Feb-2024","46","248.82","0.00","6514.616","0.00","0.000"
"USEP","26-Feb-2024","47","172.32","0.00","6377.757","0.00","0.000"
"USEP","26-Feb-2024","48","150.09","0.00","6148.978","0.00","0.000"
"USEP","27-Feb-2024","1","122.76","0.00","5933.922","0.00","0.000"
"USEP","27-Feb-2024","2","113.76","0.00","5820.014","0.00","0.000"
"USEP","27-Feb-2024","3","115.11","0.00","5842.419","0.00","0.000"
"USEP","27-Feb-2024","4","113.28","0.00","5760.483","0.00","0.000"
"USEP","27-Feb-2024","5","106.97","0.00","5717.254","0.00","0.000"
"USEP","27-Feb-2024","6","104.05","0.00","5673.235","0.00","0.000"
"USEP","27-Feb-2024","7","104.05","0.00","5648.072","0.00","0.000"
"USEP","27-Feb-2024","8","101.17","0.00","5612.715","0.00","0.000"
"USEP","27-Feb-2024","9","102.41","0.00","5618.063","0.00","0.000"
"USEP","27-Feb-2024","10","104.05","0.00","5639.037","0.00","0.000"
"USEP","27-Feb-2024","11","107.06","0.00","5732.095","0.00","0.000"
"USEP","27-Feb-2024","12","141.76","0.00","5909.057","0.00","0.000"
"USEP","27-Feb-2024","13","141.78","0.00","6089.930","0.00","0.000"
"USEP","27-Feb-2024","14","150.20","0.00","6269.541","0.00","0.000"
"USEP","27-Feb-2024","15","150.12","0.00","6444.688","1.84","0.000"
"USEP","27-Feb-2024","16","152.42","0.00","6666.236","7.50","0.000"
"USEP","27-Feb-2024","17","158.57","0.00","6889.936","15.65","0.000"
"USEP","27-Feb-2024","18","183.28","0.00","7018.212","47.08","0.000"
"USEP","27-Feb-2024","19","160.78","0.00","7034.518","114.41","0.000"
"USEP","27-Feb-2024","20","160.31","0.00","7045.407","150.21","0.000"
"USEP","27-Feb-2024","21","171.74","0.00","7069.179","187.07","0.000"
"USEP","27-Feb-2024","22","170.90","0.00","7056.302","232.49","0.000"
"USEP","27-Feb-2024","23","189.20","0.00","7117.641","166.89","0.000"
"USEP","27-Feb-2024","24","158.16","0.00","7012.367","217.89","0.000"
"USEP","27-Feb-2024","25","150.49","0.00","6923.836","250.91","0.000"
"USEP","27-Feb-2024","26","150.36","0.00","6865.851","311.63","0.000"
"USEP","27-Feb-2024","27","156.01","0.00","6960.053","260.51","0.000"
"USEP","27-Feb-2024","28","150.48","0.00","6902.366","309.45","0.000"
"USEP","27-Feb-2024","29","150.15","0.00","6840.032","356.92","0.000"
"USEP","27-Feb-2024","30","150.37","0.00","6870.046","320.72","0.000"
"USEP","27-Feb-2024","31","155.59","0.00","6936.579","252.17","0.000"
"USEP","27-Feb-2024","32","158.98","0.00","6955.356","217.38","0.000"
"USEP","27-Feb-2024","33","150.37","0.00","6867.536","311.53","0.000"
"USEP","27-Feb-2024","34","150.25","0.00","6830.997","324.73","0.000"
"USEP","27-Feb-2024","35","150.15","0.00","6857.377","267.60","0.000"
"USEP","27-Feb-2024","36","150.15","0.00","6846.727","189.20","0.000"
"USEP","27-Feb-2024","37","150.27","0.00","6863.664","120.38","0.000"
"USEP","27-Feb-2024","38","152.42","0.00","6941.201","42.05","0.000"
"USEP","27-Feb-2024","39","157.87","0.00","7008.172","10.12","0.000"
"USEP","27-Feb-2024","40","156.98","0.00","6986.607","0.00","0.000"
"USEP","27-Feb-2024","41","155.64","0.00","6935.063","0.00","0.000"
"USEP","27-Feb-2024","42","202.89","0.00","6900.582","0.00","0.000"
"USEP","27-Feb-2024","43","209.69","0.00","6850.240","0.00","0.000"
"USEP","27-Feb-2024","44","273.16","0.00","6693.412","0.00","0.000"
"USEP","27-Feb-2024","45","325.59","0.00","6597.307","0.00","0.000"
"USEP","27-Feb-2024","46","233.83","0.00","6517.400","0.00","0.000"
"USEP","27-Feb-2024","47","205.68","0.00","6410.768","0.00","0.000"
"USEP","27-Feb-2024","48","150.45","0.00","6250.824","0.00","0.000"
"USEP","28-Feb-2024","1","155.70","0.00","6129.849","0.00","0.000"
"USEP","28-Feb-2024","2","147.08","0.00","6066.963","0.00","0.000"
"USEP","28-Feb-2024","3","128.36","0.00","5994.625","0.00","0.000"
"USEP","28-Feb-2024","4","118.00","0.00","5883.451","0.00","0.000"
"USEP","28-Feb-2024","5","102.43","0.00","5788.022","0.00","0.000"
"USEP","28-Feb-2024","6","105.97","0.00","5733.034","0.00","0.000"
"USEP","28-Feb-2024","7","100.89","0.00","5708.025","0.00","0.000"
"USEP","28-Feb-2024","8","98.90","0.00","5661.764","0.00","0.000"
"USEP","28-Feb-2024","9","99.78","0.00","5683.160","0.00","0.000"
"USEP","28-Feb-2024","10","102.49","0.00","5699.695","0.00","0.000"
"USEP","28-Feb-2024","11","109.54","0.00","5795.905","0.00","0.000"
"USEP","28-Feb-2024","12","141.76","0.00","5969.830","0.00","0.000"
"USEP","28-Feb-2024","13","152.17","0.00","6155.524","0.00","0.000"
"USEP","28-Feb-2024","14","171.05","0.00","6327.555","0.00","0.000"
"USEP","28-Feb-2024","15","171.06","0.00","6514.447","1.82","0.000"
"USEP","28-Feb-2024","16","205.14","0.00","6738.982","7.61","0.000"
"USEP","28-Feb-2024","17","233.70","0.00","6942.215","19.27","0.000"
"USEP","28-Feb-2024","18","261.89","0.00","7025.711","86.95","0.000"
"USEP","28-Feb-2024","19","372.34","0.00","7067.355","145.15","0.000"
"USEP","28-Feb-2024","20","261.90","0.00","7008.759","268.87","0.000"
"USEP","28-Feb-2024","21","312.68","0.00","7027.694","310.16","0.000"
"USEP","28-Feb-2024","22","196.92","0.00","6984.843","376.08","0.000"
"USEP","28-Feb-2024","23","171.12","0.00","6866.497","478.29","0.000"
"USEP","28-Feb-2024","24","153.11","0.00","6755.820","537.01","0.000"
"USEP","28-Feb-2024","25","158.53","0.00","6745.279","530.86","0.000"
"USEP","28-Feb-2024","26","171.15","0.00","6811.370","508.81","0.000"
"USEP","28-Feb-2024","27","171.13","0.00","6837.895","506.16","0.000"
"USEP","28-Feb-2024","28","171.15","0.00","6846.756","536.68","0.000"
"USEP","28-Feb-2024","29","171.22","0.00","6955.649","441.59","0.000"
"USEP","28-Feb-2024","30","171.09","0.00","6909.369","486.41","0.000"
"USEP","28-Feb-2024","31","126.79","0.00","6763.589","570.53","0.000"
"USEP","28-Feb-2024","32","133.22","0.00","6785.511","531.28","0.000"
"USEP","28-Feb-2024","33","131.86","0.00","6806.544","523.52","0.000"
"USEP","28-Feb-2024","34","171.24","0.00","6867.491","471.59","0.000"
"USEP","28-Feb-2024","35","160.44","0.00","6956.941","346.34","0.000"
"USEP","28-Feb-2024","36","159.66","0.00","6935.411","258.47","0.000"
"USEP","28-Feb-2024","37","171.22","0.00","6958.040","151.12","0.000"
"USEP","28-Feb-2024","38","203.20","0.00","7037.689","84.53","0.000"
"USEP","28-Feb-2024","39","254.12","0.00","7104.729","15.87","0.000"
"USEP","28-Feb-2024","40","234.18","0.00","7056.396","0.00","0.000"
"USEP","28-Feb-2024","41","205.40","0.00","7008.634","0.00","0.000"
"USEP","28-Feb-2024","42","203.33","0.00","6985.593","0.00","0.000"
"USEP","28-Feb-2024","43","198.83","0.00","6927.648","0.00","0.000"
"USEP","28-Feb-2024","44","171.25","0.00","6775.676","0.00","0.000"
"USEP","28-Feb-2024","45","198.29","0.00","6638.946","0.00","0.000"
"USEP","28-Feb-2024","46","171.19","0.00","6507.082","0.00","0.000"
"USEP","28-Feb-2024","47","164.60","0.00","6372.549","0.00","0.000"
"USEP","28-Feb-2024","48","164.52","0.00","6259.775","0.00","0.000"
"USEP","29-Feb-2024","1","142.70","0.00","6146.583","0.00","0.000"
"USEP","29-Feb-2024","2","125.24","0.00","6035.812","0.00","0.000"
"USEP","29-Feb-2024","3","107.08","0.00","5918.375","0.00","0.000"
"USEP","29-Feb-2024","4","100.84","0.00","5831.892","0.00","0.000"
"USEP","29-Feb-2024","5","98.89","0.00","5783.788","0.00","0.000"
"USEP","29-Feb-2024","6","92.29","0.00","5735.693","0.00","0.000"
"USEP","29-Feb-2024","7","92.95","0.00","5704.457","0.00","0.000"
"USEP","29-Feb-2024","8","88.21","0.00","5670.924","0.00","0.000"
"USEP","29-Feb-2024","9","88.21","0.00","5672.644","0.00","0.000"
"USEP","29-Feb-2024","10","92.44","0.00","5699.049","0.00","0.000"
"USEP","29-Feb-2024","11","98.89","0.00","5787.048","0.00","0.000"
"USEP","29-Feb-2024","12","122.70","0.00","5962.579","0.00","0.000"
"USEP","29-Feb-2024","13","113.29","0.00","6138.765","0.00","0.000"
"USEP","29-Feb-2024","14","131.99","0.00","6311.537","0.00","0.000"
"USEP","29-Feb-2024","15","153.50","0.00","6495.223","1.58","0.000"
"USEP","29-Feb-2024","16","181.71","0.00","6716.518","7.51","0.000"
"USEP","29-Feb-2024","17","193.97","0.00","6930.585","19.42","0.000"
"USEP","29-Feb-2024","18","203.03","0.00","7016.830","80.73","0.000"
"USEP","29-Feb-2024","19","194.02","0.00","7032.739","167.45","0.000"
"USEP","29-Feb-2024","20","233.76","0.00","6996.070","274.40","0.000"
"USEP","29-Feb-2024","21","190.82","0.00","6983.456","353.20","0.000"
"USEP","29-Feb-2024","22","156.18","0.00","6920.571","442.66","0.000"
"USEP","29-Feb-2024","23","141.55","0.00","6834.391","532.52","0.000"
"USEP","29-Feb-2024","24","126.80","0.00","6736.333","590.07","0.000"
"USEP","29-Feb-2024","25","125.27","0.00","6673.214","609.26","0.000"
"USEP","29-Feb-2024","26","125.26","0.00","6682.871","644.34","0.000"
"USEP","29-Feb-2024","27","159.64","0.00","6725.131","644.50","0.000"
"USEP","29-Feb-2024","28","133.88","0.00","6783.409","647.93","0.000"
"USEP","29-Feb-2024","29","130.35","0.00","6784.915","635.23","0.000"
"USEP","29-Feb-2024","30","142.01","0.00","6830.758","582.54","0.000"
"USEP","29-Feb-2024","31","136.42","0.00","6797.295","597.02","0.000"
"USEP","29-Feb-2024","32","159.83","0.00","6897.555","503.92","0.000"
"USEP","29-Feb-2024","33","171.23","0.00","6897.172","512.54","0.000"
"USEP","29-Feb-2024","34","172.47","0.00","6968.273","433.09","0.000"
"USEP","29-Feb-2024","35","203.26","0.00","6982.726","371.11","0.000"
"USEP","29-Feb-2024","36","253.45","0.00","7066.604","236.55","0.000"
"USEP","29-Feb-2024","37","412.20","60.75","7079.961","148.98","8.000"
"USEP","29-Feb-2024","38","412.41","0.00","7146.522","69.52","0.000"
"USEP","29-Feb-2024","39","372.96","0.00","7203.215","10.92","0.000"
"USEP","29-Feb-2024","40","371.45","0.00","7171.059","0.00","0.000"
"USEP","29-Feb-2024","41","326.13","0.00","7127.974","0.00","0.000"
"USEP","29-Feb-2024","42","356.76","0.00","7128.188","0.00","0.000"
"USEP","29-Feb-2024","43","356.66","0.00","7062.047","0.00","0.000"
"USEP","29-Feb-2024","44","705.88","0.00","6942.394","0.00","0.000"
"USEP","29-Feb-2024","45","703.85","0.00","6788.086","0.00","0.000"
"USEP","29-Feb-2024","46","214.78","0.00","6657.429","0.00","0.000"
"USEP","29-Feb-2024","47","194.54","0.00","6513.871","0.00","0.000"
"USEP","29-Feb-2024","48","197.79","0.00","6394.332","0.00","0.000"
